"","UTILUNIT","ID6","ORISPL","RATINGMW","LAT","LON"
"1","242-185","CC","10030",16.1,39.149549,-75.547335
"2","242-322","CT","10030",44,39.149549,-75.547335
"3","242-301","CC","10030",44,39.149549,-75.547335
"4","287-807","ST","10043",219,39.7928,-75.406667
"5","215-851","DS","10045",3,39.8217,-75.0914
"6","328-603","ST","10071",57.5,36.8702,-76.3529
"7","328-602","ST","10071",57.5,36.8702,-76.3529
"8","231-804","CC","10099",116,39.7668,-75.4238
"9","212-185","ST","10113",82,40.7903,-76.1983
"10","212-840","ST","10118",11,40.244242,-76.853872
"11","212-187","ST","10118",11,40.244242,-76.853872
"12","211-899","DS","10129",18.1,40.6144,-79.1594
"13","211-182","ST","10143",110,40.55,-78.8
"14","417-102","ST","10151",80,39.561831,-80.163138
"15","394-801","ST","10252",53.8,36.5489,-82.5667
"16","919-101","ST","10252",45,36.5489,-82.5667
"17","223-890","CC","10308",325.9,40.439,-74.3444
"18","246-184","ST","10343",43,40.811189,-76.452951
"19","328-601","ST","10377",46,37.2939,-77.2697
"20","328-600","ST","10377",46,37.2939,-77.2697
"21","303-131","ST","10380",30,34.647155,-78.64151
"22","303-132","ST","10382",30,34.59,-78.9968
"23","211-895","CC","10383",15,41.1405,-78.9632
"24","328-605","ST","10384",58,36.037318,-77.753345
"25","328-604","ST","10384",58,36.037318,-77.753345
"26","205-892","ST","10435",23,39.9092,-75.1169
"27","212-181","ST","10485",30,39.2845,-76.6207
"28","239-831","ST","10485",152,39.2845,-76.6207
"29","303-130","ST","10525",47,35.130193,-77.167883
"30","233-402","DS","10557",1,40.3753,-76.4154
"31","233-401","DS","10557",1,40.3753,-76.4154
"32","201-806","ST","10566",239.9,39.693494,-75.485811
"33","211-183","ST","10603",50,40.455,-78.7472
"34","205-897","CC","10616",27,40.5642,-74.9494
"35","294-805","ST","10629",57,39.266041,-76.629653
"36","508-852","CC","10633",400,37.291667,-77.281111
"37","211-181","ST","10641",88,40.474167,-78.7014
"38","281-866","ST","10643",65,40.7376,-74.1255
"39","249-101","ST","10676",125.1,40.657218,-80.353929
"40","417-650","ST","10678",180,39.595171,-78.745333
"41","212-188","ST","10731",8,41.3327,-77.024
"42","201-800","ST","10746",75,39.8265,-75.3882
"43","256-858","CC","10751",159,39.9175,-75.1192
"44","328-127","ST","10771",63,37.297834,-77.282982
"45","328-126","ST","10773",63,37.118674,-79.273551
"46","328-128","ST","10774",63,36.6525,-76.9953
"47","205-898","CC","10805",15,40.6781,-74.2744
"48","269-302","CT","10870",30,40.928161,-76.040929
"49","269-304","CT","10870",31.2,40.928161,-76.040929
"50","269-301","CT","10870",59,40.928161,-76.040929
"51","269-303","CT","10870",31,40.928161,-76.040929
"52","449-391","CT","1353",56,38.1707,-82.6176
"53","414-102","ST","1353",800,38.1707,-82.6176
"54","449-394","CT","1353",56,38.1707,-82.6176
"55","414-101","ST","1353",280,38.1707,-82.6176
"56","449-395","CT","1353",56,38.1707,-82.6176
"57","449-393","CT","1353",56,38.1707,-82.6176
"58","449-396","CT","1353",56,38.1707,-82.6176
"59","449-392","CT","1353",56,38.1707,-82.6176
"60","341-512","HD","1371",32,37.0217,-88.2211
"61","341-511","HD","1371",32,37.0217,-88.2211
"62","341-510","HD","1371",32,37.0217,-88.2211
"63","341-513","HD","1371",32,37.0217,-88.2211
"64","356-101","ST","1374",151,37.7942,-87.0608
"65","356-102","ST","1374",290,37.7942,-87.0608
"66","341-537","HD","1380",45,36.8691,-85.147
"67","341-536","HD","1380",45,36.8691,-85.147
"68","341-535","HD","1380",45,36.8691,-85.147
"69","341-532","HD","1380",45,36.8691,-85.147
"70","341-533","HD","1380",45,36.8691,-85.147
"71","341-534","HD","1380",45,36.8691,-85.147
"72","410-102","ST","1384",225,36.9981,-84.5919
"73","410-101","ST","1384",116,36.9981,-84.5919
"74","410-142","ST","1385",23,37.8806,-84.2619
"75","410-143","ST","1385",75,37.8806,-84.2619
"76","410-144","ST","1385",75,37.8806,-84.2619
"77","410-141","ST","1385",23,37.8806,-84.2619
"78","291-301","CT","1552",14,39.323604,-76.365119
"79","291-101","ST","1552",190,39.323604,-76.365119
"80","291-102","ST","1552",195,39.323604,-76.365119
"81","202-113","ST","1553",104,39.2663,-76.6047
"82","292-134","ST","1554",400,39.1781,-76.5268
"83","292-132","ST","1554",135,39.1781,-76.5268
"84","292-133","ST","1554",324,39.1781,-76.5268
"85","292-131","ST","1554",131,39.1781,-76.5268
"86","292-351","CT","1554",14,39.1781,-76.5268
"87","202-313","CT","1555",16,39.4217,-76.5087
"88","202-312","CT","1555",16,39.4217,-76.5087
"89","202-315","CT","1555",16,39.4217,-76.5087
"90","202-317","CT","1555",16,39.4217,-76.5087
"91","202-316","CT","1555",16,39.4217,-76.5087
"92","202-318","CT","1555",16,39.4217,-76.5087
"93","202-311","CT","1555",16,39.4217,-76.5087
"94","202-314","CT","1555",16,39.4217,-76.5087
"95","202-322","CT","1556",61,39.442836,-76.221761
"96","202-325","CT","1556",173,39.442836,-76.221761
"97","202-326","CT","1556",120,39.442836,-76.221761
"98","202-321","CT","1556",61,39.442836,-76.221761
"99","202-324","CT","1556",61,39.442836,-76.221761
"100","202-323","CT","1556",61,39.442836,-76.221761
"101","202-334","CT","1557",16,39.2986,-76.5636
"102","202-331","CT","1557",16,39.2986,-76.5636
"103","202-333","CT","1557",16,39.2986,-76.5636
"104","202-332","CT","1557",16,39.2986,-76.5636
"105","202-347","CT","1559",22,39.2369,-76.5133
"106","445-331","CT","1559",208,39.2369,-76.5133
"107","445-332","CT","1559",208,39.2369,-76.5133
"108","202-348","CT","1559",22,39.2369,-76.5133
"109","202-346","CT","1559",127,39.2369,-76.5133
"110","445-333","CT","1559",208,39.2369,-76.5133
"111","202-124","ST","1559",78,39.2369,-76.5133
"112","202-365","CT","1560",121,39.2719,-76.6186
"113","250-450","DS","1563",10,37.9833,-75.8333
"114","242-340","CT","1564",21,38.4878,-75.8208
"115","242-148","ST","1564",156,38.4878,-75.8208
"116","262-502","HD","1567",10,39.523,-79.413
"117","262-501","HD","1567",10,39.523,-79.413
"118","427-124","ST","1570",28,39.595,-77.82694
"119","427-125","ST","1570",88.1,39.595,-77.82694
"120","235-351","CT","1571",18,38.5444,-76.6861
"121","235-350","CT","1571",93,38.5444,-76.6861
"122","235-352","CT","1571",35,38.5444,-76.6861
"123","235-353","CT","1571",99,38.5444,-76.6861
"124","235-152","ST","1571",343,38.5444,-76.6861
"125","235-153","ST","1571",612,38.5444,-76.6861
"126","235-356","CT","1571",120,38.5444,-76.6861
"127","235-354","CT","1571",99,38.5444,-76.6861
"128","235-154","ST","1571",612,38.5444,-76.6861
"129","235-151","ST","1571",341,38.5444,-76.6861
"130","235-355","CT","1571",120,38.5444,-76.6861
"131","235-341","CT","1572",18,39.2097,-77.4644
"132","235-392","CT","1572",167,39.2097,-77.4644
"133","235-141","ST","1572",182,39.2097,-77.4644
"134","235-143","ST","1572",182,39.2097,-77.4644
"135","235-391","CT","1572",167,39.2097,-77.4644
"136","235-142","ST","1572",182,39.2097,-77.4644
"137","235-365","CT","1573",65,38.3592,-76.9767
"138","235-364","CT","1573",65,38.3592,-76.9767
"139","235-366","CT","1573",65,38.3592,-76.9767
"140","235-363","CT","1573",65,38.3592,-76.9767
"141","235-362","CT","1573",20,38.3592,-76.9767
"142","235-162","ST","1573",620,38.3592,-76.9767
"143","235-161","ST","1573",624,38.3592,-76.9767
"144","235-361","CT","1573",20,38.3592,-76.9767
"145","213-510","HD","1574",65,39.6572,-76.1752
"146","213-501","HD","1574",48,39.6572,-76.1752
"147","213-511","HD","1574",65,39.6572,-76.1752
"148","213-509","HD","1574",65,39.6572,-76.1752
"149","213-507","HD","1574",48,39.6572,-76.1752
"150","213-504","HD","1574",48,39.6572,-76.1752
"151","213-505","HD","1574",36,39.6572,-76.1752
"152","213-506","HD","1574",48,39.6572,-76.1752
"153","213-502","HD","1574",36,39.6572,-76.1752
"154","213-508","HD","1574",65,39.6572,-76.1752
"155","213-503","HD","1574",48,39.6572,-76.1752
"156","206-492","DS","1580",4.1,38.7786,-76.0769
"157","206-491","DS","1580",3.6,38.7786,-76.0769
"158","206-487","DS","1580",2,38.7786,-76.0769
"159","206-471","DS","1580",1.5,38.7786,-76.0769
"160","206-493","DS","1580",5.6,38.7786,-76.0769
"161","206-490","DS","1580",3.5,38.7786,-76.0769
"162","206-472","DS","1580",1.5,38.7786,-76.0769
"163","206-494","DS","1580",5.6,38.7786,-76.0769
"164","206-488","DS","1580",2,38.7786,-76.0769
"165","206-489","DS","1580",2.5,38.7786,-76.0769
"166","411-511","HD","1753",0.6,41.9439,-86.3289
"167","411-508","HD","1753",0.6,41.9439,-86.3289
"168","411-500","HD","1753",0.6,41.9439,-86.3289
"169","411-501","HD","1753",0.6,41.9439,-86.3289
"170","411-504","HD","1753",0.6,41.9439,-86.3289
"171","411-506","HD","1753",0.6,41.9439,-86.3289
"172","411-503","HD","1753",0.6,41.9439,-86.3289
"173","411-509","HD","1753",0.6,41.9439,-86.3289
"174","411-510","HD","1753",0.6,41.9439,-86.3289
"175","411-507","HD","1753",0.6,41.9439,-86.3289
"176","411-505","HD","1753",0.6,41.9439,-86.3289
"177","411-502","HD","1753",0.6,41.9439,-86.3289
"178","411-521","HD","1754",0.5,41.839566,-86.35105
"179","411-512","HD","1754",0.4,41.839566,-86.35105
"180","411-517","HD","1754",0.4,41.839566,-86.35105
"181","411-516","HD","1754",0.4,41.839566,-86.35105
"182","411-515","HD","1754",0.4,41.839566,-86.35105
"183","411-519","HD","1754",0.5,41.839566,-86.35105
"184","411-520","HD","1754",0.5,41.839566,-86.35105
"185","411-518","HD","1754",0.5,41.839566,-86.35105
"186","411-514","HD","1754",0.4,41.839566,-86.35105
"187","411-513","HD","1754",0.4,41.839566,-86.35105
"188","411-523","HD","1760",0.3,41.8436,-85.6694
"189","411-522","HD","1760",0.3,41.8436,-85.6694
"190","411-525","HD","1760",0.3,41.8436,-85.6694
"191","411-524","HD","1760",0.3,41.8436,-85.6694
"192","411-529","HD","1761",1,41.8056,-85.7505
"193","411-532","HD","1761",1,41.8056,-85.7505
"194","411-530","HD","1761",1,41.8056,-85.7505
"195","411-531","HD","1761",1,41.8056,-85.7505
"196","532-201","NU","204",1065.1,40.1719,-88.8339
"197","265-413","DS","2378",2,39.2908,-74.6364
"198","265-411","DS","2378",2,39.2908,-74.6364
"199","265-412","DS","2378",2,39.2908,-74.6364
"200","265-131","ST","2378",155,39.2908,-74.6364
"201","265-410","DS","2378",2,39.2908,-74.6364
"202","265-130","ST","2378",129,39.2908,-74.6364
"203","265-132","ST","2378",160,39.2908,-74.6364
"204","250-351","CT","2379",43,39.4547,-75.2014
"205","250-352","CT","2379",43,39.4547,-75.2014
"206","250-342","CT","2380",26,39.6893,-74.2618
"207","250-341","CT","2380",52,39.6893,-74.2618
"208","250-331","CT","2382",23,39.0269,-74.8772
"209","250-333","CT","2382",44,39.0269,-74.8772
"210","250-332","CT","2382",23,39.0269,-74.8772
"211","250-321","CT","2383",24,39.3662,-74.4441
"212","250-320","CT","2383",24,39.3662,-74.4441
"213","250-322","CT","2383",24,39.3662,-74.4441
"214","250-110","ST","2384",87,39.6831,-75.5083
"215","201-115","ST","2384",24,39.6831,-75.5083
"216","201-310","CT","2384",24,39.6831,-75.5083
"217","201-114","ST","2384",24,39.6831,-75.5083
"218","250-112","ST","2384",81,39.6831,-75.5083
"219","201-113","ST","2384",54,39.6831,-75.5083
"220","236-353","CT","2385",73,40.491236,-74.280989
"221","236-352","CT","2385",73,40.491236,-74.280989
"222","205-154","ST","2385",60,40.491236,-74.280989
"223","236-354","CT","2385",73,40.491236,-74.280989
"224","236-351","CT","2385",73,40.491236,-74.280989
"225","232-201","NU","2388",637,39.8143,-74.2062
"226","236-344","CT","2390",77,40.476525,-74.352336
"227","236-343","CT","2390",77,40.476525,-74.352336
"228","236-145","ST","2390",117,40.476525,-74.352336
"229","236-341","CT","2390",77,40.476525,-74.352336
"230","236-342","CT","2390",73,40.476525,-74.352336
"231","236-144","ST","2390",117,40.476525,-74.352336
"232","236-826","CC","2393",70,40.565833,-75.163889
"233","236-314","CT","2393",31,40.565833,-75.163889
"234","236-313","CT","2393",31,40.565833,-75.163889
"235","236-311","CT","2393",31,40.565833,-75.163889
"236","236-827","CC","2393",70,40.565833,-75.163889
"237","236-825","CC","2393",70,40.565833,-75.163889
"238","205-111","ST","2393",46,40.565833,-75.163889
"239","205-113","ST","2393",73,40.565833,-75.163889
"240","236-824","CC","2393",70,40.565833,-75.163889
"241","236-312","CT","2393",31,40.565833,-75.163889
"242","236-315","CT","2393",183,40.565833,-75.163889
"243","236-828","CC","2393",117.1,40.565833,-75.163889
"244","215-361","CT","2397",24,40.660833,-74.085278
"245","215-362","CT","2397",24,40.660833,-74.085278
"246","215-101","ST","2398",300,40.8375,-74.0244
"247","215-363","CT","2398",24,40.8375,-74.0244
"248","215-102","ST","2398",300,40.8375,-74.0244
"249","215-803","CC","2398",596,40.8375,-74.0244
"250","215-802","CC","2398",675,40.8375,-74.0244
"251","215-364","CT","2398",53,40.8375,-74.0244
"252","215-302","CT","2399",52,40.076611,-74.879172
"253","215-303","CT","2399",52,40.076611,-74.879172
"254","215-704","CT","2399",42,40.076611,-74.879172
"255","215-801","CC","2399",260,40.076611,-74.879172
"256","215-107","ST","2399",185,40.076611,-74.879172
"257","215-301","CT","2399",52,40.076611,-74.879172
"258","215-316","CT","2399",52,40.076611,-74.879172
"259","215-703","CT","2399",42,40.076611,-74.879172
"260","215-317","CT","2399",52,40.076611,-74.879172
"261","215-308","CT","2399",24,40.076611,-74.879172
"262","215-702","CT","2399",42,40.076611,-74.879172
"263","215-315","CT","2399",52,40.076611,-74.879172
"264","215-304","CT","2399",52,40.076611,-74.879172
"265","215-318","CT","2399",52,40.076611,-74.879172
"266","215-701","CT","2399",42,40.076611,-74.879172
"267","215-332","CT","2400",48,40.4911,-74.3956
"268","215-334","CT","2400",48,40.4911,-74.3956
"269","215-323","CT","2400",48,40.4911,-74.3956
"270","215-331","CT","2400",48,40.4911,-74.3956
"271","215-328","CT","2400",48,40.4911,-74.3956
"272","215-324","CT","2400",48,40.4911,-74.3956
"273","215-333","CT","2400",48,40.4911,-74.3956
"274","215-325","CT","2400",48,40.4911,-74.3956
"275","215-322","CT","2400",48,40.4911,-74.3956
"276","215-321","CT","2400",48,40.4911,-74.3956
"277","215-326","CT","2400",48,40.4911,-74.3956
"278","215-327","CT","2400",48,40.4911,-74.3956
"279","215-353","CT","2401",53,40.7372,-74.1206
"280","215-352","CT","2401",53,40.7372,-74.1206
"281","215-348","CT","2401",53,40.7372,-74.1206
"282","215-343","CT","2401",48,40.7372,-74.1206
"283","215-351","CT","2401",53,40.7372,-74.1206
"284","215-341","CT","2401",48,40.7372,-74.1206
"285","215-340","CT","2401",93,40.7372,-74.1206
"286","215-344","CT","2401",48,40.7372,-74.1206
"287","215-354","CT","2401",53,40.7372,-74.1206
"288","215-346","CT","2401",53,40.7372,-74.1206
"289","215-345","CT","2401",53,40.7372,-74.1206
"290","215-347","CT","2401",53,40.7372,-74.1206
"291","215-342","CT","2401",48,40.7372,-74.1206
"292","215-122","ST","2403",620,40.7478,-74.0722
"293","215-121","ST","2403",405,40.7478,-74.0722
"294","215-329","CT","2403",140,40.7478,-74.0722
"295","215-370","CT","2404",159,40.737283,-74.096464
"296","215-371","CT","2404",159,40.737283,-74.096464
"297","215-773","CT","2404",46.9,40.737283,-74.096464
"298","215-772","CT","2404",46.9,40.737283,-74.096464
"299","215-774","CT","2404",46.9,40.737283,-74.096464
"300","215-382","CT","2404",64,40.737283,-74.096464
"301","215-782","CT","2404",46.9,40.737283,-74.096464
"302","215-384","CT","2404",64,40.737283,-74.096464
"303","215-724","CT","2404",44,40.737283,-74.096464
"304","215-138","ST","2404",150,40.737283,-74.096464
"305","215-771","CT","2404",46.9,40.737283,-74.096464
"306","215-369","CT","2404",24,40.737283,-74.096464
"307","215-383","CT","2404",64,40.737283,-74.096464
"308","215-722","CT","2404",44,40.737283,-74.096464
"309","215-721","CT","2404",44,40.737283,-74.096464
"310","215-781","CT","2404",46.9,40.737283,-74.096464
"311","215-137","ST","2404",150,40.737283,-74.096464
"312","215-381","CT","2404",64,40.737283,-74.096464
"313","215-723","CT","2404",44,40.737283,-74.096464
"314","215-396","CT","2406",30,40.6217,-74.2072
"315","215-393","CT","2406",65,40.6217,-74.2072
"316","215-808","CC","2406",642.9,40.6217,-74.2072
"317","215-809","CC","2406",643.1,40.6217,-74.2072
"318","215-392","CT","2406",64,40.6217,-74.2072
"319","215-800","CC","2406",180,40.6217,-74.2072
"320","215-378","CT","2406",98,40.6217,-74.2072
"321","215-394","CT","2406",65,40.6217,-74.2072
"322","215-395","CT","2406",30,40.6217,-74.2072
"323","215-391","CT","2406",64,40.6217,-74.2072
"324","215-142","ST","2406",250,40.6217,-74.2072
"325","215-377","CT","2406",98,40.6217,-74.2072
"326","215-376","CT","2406",86,40.6217,-74.2072
"327","215-375","CT","2406",86,40.6217,-74.2072
"328","215-397","CT","2406",30,40.6217,-74.2072
"329","215-373","CT","2406",24,40.6217,-74.2072
"330","215-398","CT","2406",30,40.6217,-74.2072
"331","215-151","ST","2408",325,40.1792,-74.7339
"332","215-152","ST","2408",325,40.1792,-74.7339
"333","215-359","CT","2408",140,40.1792,-74.7339
"334","215-319","CT","2409",24,39.86,-75.1853
"335","215-201","NU","2410",1174,39.4625,-75.5358
"336","215-309","CT","2410",46,39.4625,-75.5358
"337","215-202","NU","2410",1155.8,39.4625,-75.5358
"338","215-161","ST","2411",107,40.5558,-74.2469
"339","215-162","ST","2411",120,40.5558,-74.2469
"340","215-366","CT","2411",140,40.5558,-74.2469
"341","215-163","ST","2411",109,40.5558,-74.2469
"342","215-164","ST","2411",127,40.5558,-74.2469
"343","209-391","CT","2434",62.9,39.4889,-75.0347
"344","209-101","ST","2434",23,39.4889,-75.0347
"345","209-102","ST","2434",17,39.4889,-75.0347
"346","209-103","ST","2434",11,39.4889,-75.0347
"347","209-104","ST","2434",8,39.4889,-75.0347
"348","209-105","ST","2434",8,39.4889,-75.0347
"349","328-504","HD","2756",57,36.499147,-77.811543
"350","328-502","HD","2756",56,36.499147,-77.811543
"351","328-501","HD","2756",56,36.499147,-77.811543
"352","328-503","HD","2756",56,36.499147,-77.811543
"353","328-301","CT","2757",16,36.0667,-75.6997
"354","328-302","CT","2757",16,36.0667,-75.6997
"355","328-505","HD","2758",26,36.4789,-77.6722
"356","328-507","HD","2758",25,36.4789,-77.6722
"357","328-508","HD","2758",23,36.4789,-77.6722
"358","328-506","HD","2758",25,36.4789,-77.6722
"359","344-403","DS","2783",3,35.267222,-75.534722
"360","344-401","DS","2783",3,35.267222,-75.534722
"361","344-402","DS","2783",3,35.267222,-75.534722
"362","344-405","DS","2783",3,35.267222,-75.534722
"363","344-404","DS","2783",3,35.267222,-75.534722
"364","499-101","ST","2828",600,40.2522,-80.6486
"365","499-103","ST","2828",630,40.2522,-80.6486
"366","499-102","ST","2828",600,40.2522,-80.6486
"367","400-132","ST","2830",94,38.9917,-84.2981
"368","400-135","ST","2830",238,38.9917,-84.2981
"369","400-334","CT","2830",61,38.9917,-84.2981
"370","400-331","CT","2830",61,38.9917,-84.2981
"371","400-131","ST","2830",94,38.9917,-84.2981
"372","400-136","ST","2830",420,38.9917,-84.2981
"373","400-134","ST","2830",150,38.9917,-84.2981
"374","400-333","CT","2830",61,38.9917,-84.2981
"375","400-133","ST","2830",128,38.9917,-84.2981
"376","400-332","CT","2830",61,38.9917,-84.2981
"377","400-345","CT","2831",21,39.465,-84.3778
"378","400-344","CT","2831",21,39.465,-84.3778
"379","400-343","CT","2831",20,39.465,-84.3778
"380","400-341","CT","2831",110,39.465,-84.3778
"381","430-156","ST","2832",163,39.1128,-84.8036
"382","400-354","CT","2832",20,39.1128,-84.8036
"383","400-353","CT","2832",20,39.1128,-84.8036
"384","400-157","ST","2832",510,39.1128,-84.8036
"385","400-355","CT","2832",20,39.1128,-84.8036
"386","400-158","ST","2832",510,39.1128,-84.8036
"387","400-356","CT","2832",20,39.1128,-84.8036
"388","404-128","ST","2835",268,41.9086,-80.7697
"389","431-121","ST","2836",94,41.504453,-82.054619
"390","431-336","CT","2836",29,41.504453,-82.054619
"391","431-133","ST","2836",640,41.504453,-82.054619
"392","404-125","ST","2837",145,41.6711,-81.4425
"393","404-335","CT","2837",31,41.6711,-81.4425
"394","404-126","ST","2837",145,41.6711,-81.4425
"395","404-134","ST","2837",656,41.6711,-81.4425
"396","404-127","ST","2837",264,41.6711,-81.4425
"397","404-124","ST","2837",145,41.6711,-81.4425
"398","404-432","DS","2838",2,41.5356,-81.6419
"399","404-130","ST","2838",268,41.5356,-81.6419
"400","404-431","DS","2838",2,41.5356,-81.6419
"401","405-101","ST","2840",125,40.1842,-81.8811
"402","499-116","ST","2840",405,40.1842,-81.8811
"403","499-114","ST","2840",780,40.1842,-81.8811
"404","420-113","ST","2840",165,40.1842,-81.8811
"405","405-102","ST","2840",125,40.1842,-81.8811
"406","499-115","ST","2840",405,40.1842,-81.8811
"407","499-125","ST","2843",96.1,39.7933,-83.0097
"408","407-332","CT","2847",102,39.727249,-84.211084
"409","407-333","CT","2847",102,39.727249,-84.211084
"410","407-331","CT","2847",100,39.727249,-84.211084
"411","407-464","DS","2847",2.5,39.727249,-84.211084
"412","407-461","DS","2847",2.5,39.727249,-84.211084
"413","407-463","DS","2847",2.5,39.727249,-84.211084
"414","407-462","DS","2847",2.5,39.727249,-84.211084
"415","407-319","CT","2848",25,39.6088,-84.2921
"416","407-110","ST","2848",63,39.6088,-84.2921
"417","407-113","ST","2848",63,39.6088,-84.2921
"418","407-108","ST","2848",58,39.6088,-84.2921
"419","407-109","ST","2848",55,39.6088,-84.2921
"420","407-112","ST","2848",63,39.6088,-84.2921
"421","407-111","ST","2848",63,39.6088,-84.2921
"422","407-129","ST","2850",585,38.6361,-83.6939
"423","407-131","ST","2850",585,38.6361,-83.6939
"424","405-195","ST","2850",152,38.6361,-83.6939
"425","407-128","ST","2850",585,38.6361,-83.6939
"426","407-491","DS","2850",2.5,38.6361,-83.6939
"427","405-196","ST","2850",152,38.6361,-83.6939
"428","407-490","DS","2850",2.5,38.6361,-83.6939
"429","405-198","ST","2850",152,38.6361,-83.6939
"430","407-130","ST","2850",585,38.6361,-83.6939
"431","405-197","ST","2850",152,38.6361,-83.6939
"432","407-493","DS","2850",2.5,38.6361,-83.6939
"433","407-492","DS","2850",2.5,38.6361,-83.6939
"434","407-473","DS","2851",2.4,39.7667,-84.1739
"435","407-475","DS","2851",2.4,39.7667,-84.1739
"436","407-472","DS","2851",2.4,39.7667,-84.1739
"437","407-471","DS","2851",2.4,39.7667,-84.1739
"438","407-474","DS","2851",2.4,39.7667,-84.1739
"439","407-483","DS","2852",2.4,40.27917,-84.19097
"440","407-482","DS","2852",2.4,40.27917,-84.19097
"441","407-484","DS","2852",2.4,40.27917,-84.19097
"442","407-481","DS","2852",2.4,40.27917,-84.19097
"443","407-485","DS","2852",2.4,40.27917,-84.19097
"444","407-323","CT","2854",18,39.7505,-84.2684
"445","407-326","CT","2854",18,39.7505,-84.2684
"446","407-324","CT","2854",18,39.7505,-84.2684
"447","407-321","CT","2854",22,39.7505,-84.2684
"448","407-320","CT","2854",22,39.7505,-84.2684
"449","407-325","CT","2854",18,39.7505,-84.2684
"450","407-322","CT","2854",22,39.7505,-84.2684
"451","419-316","CT","2857",26,41.468056,-82.186944
"452","419-315","CT","2857",26,41.468056,-82.186944
"453","419-334","CT","2860",33,39.9242,-83.8508
"454","419-335","CT","2860",33,39.9242,-83.8508
"455","431-363","CT","2861",30,41.166928,-80.74769
"456","431-162","ST","2861",108,41.166928,-80.74769
"457","431-161","ST","2861",109,41.166928,-80.74769
"458","419-409","DS","2864",2.1,39.91,-80.760833
"459","419-803","ST","2864",104,39.91,-80.760833
"460","419-408","DS","2864",3,39.91,-80.760833
"461","419-105","ST","2864",170,39.91,-80.760833
"462","419-406","DS","2864",7,39.91,-80.760833
"463","419-407","DS","2864",2.1,39.91,-80.760833
"464","419-104","ST","2864",170,39.91,-80.760833
"465","419-483","DS","2866",3,40.5317,-80.6319
"466","419-484","DS","2866",2.6,40.5317,-80.6319
"467","419-173","ST","2866",180,40.5317,-80.6319
"468","419-176","ST","2866",600,40.5317,-80.6319
"469","419-172","ST","2866",180,40.5317,-80.6319
"470","419-171","ST","2866",180,40.5317,-80.6319
"471","419-481","DS","2866",3,40.5317,-80.6319
"472","419-175","ST","2866",300,40.5317,-80.6319
"473","419-482","DS","2866",2.6,40.5317,-80.6319
"474","419-174","ST","2866",180,40.5317,-80.6319
"475","419-478","DS","2866",13,40.5317,-80.6319
"476","419-485","DS","2866",3,40.5317,-80.6319
"477","419-177","ST","2866",600,40.5317,-80.6319
"478","419-394","CT","2869",90,41.429444,-82.264444
"479","419-391","CT","2869",64,41.429444,-82.264444
"480","419-396","CT","2869",90,41.429444,-82.264444
"481","419-392","CT","2869",64,41.429444,-82.264444
"482","419-397","CT","2869",90,41.429444,-82.264444
"483","419-395","CT","2869",90,41.429444,-82.264444
"484","419-398","CT","2869",90,41.429444,-82.264444
"485","499-141","ST","2872",203.1,39.5908,-81.6797
"486","499-142","ST","2872",200.1,39.5908,-81.6797
"487","499-144","ST","2872",210.1,39.5908,-81.6797
"488","499-145","ST","2872",600,39.5908,-81.6797
"489","499-143","ST","2872",210.1,39.5908,-81.6797
"490","421-105","ST","2876",205,38.9144,-82.1289
"491","421-101","ST","2876",205,38.9144,-82.1289
"492","421-103","ST","2876",205,38.9144,-82.1289
"493","421-102","ST","2876",205,38.9144,-82.1289
"494","421-104","ST","2876",205,38.9144,-82.1289
"495","426-102","ST","2878",150,41.6917,-83.4378
"496","426-103","ST","2878",156,41.6917,-83.4378
"497","426-651","ST","2878",150,41.6917,-83.4378
"498","426-304","CT","2878",18,41.6917,-83.4378
"499","426-104","ST","2878",236,41.6917,-83.4378
"500","476-316","CT","2880",135,41.305203,-84.334622
"501","476-302","CT","2880",15,41.305203,-84.334622
"502","476-315","CT","2880",135,41.305203,-84.334622
"503","476-314","CT","2880",135,41.305203,-84.334622
"504","476-303","CT","2880",18,41.305203,-84.334622
"505","476-301","CT","2880",15,41.305203,-84.334622
"506","476-305","CT","2881",19,41.5014,-84.4283
"507","431-301","CT","3096",20,40.464851,-80.043761
"508","431-302","CT","3096",20,40.464851,-80.043761
"509","431-303","CT","3096",20,40.464851,-80.043761
"510","431-802","CC","3096",58,40.464851,-80.043761
"511","431-804","CC","3096",147,40.464851,-80.043761
"512","431-801","CC","3096",58,40.464851,-80.043761
"513","431-803","CC","3096",58,40.464851,-80.043761
"514","431-114","ST","3098",175,40.251829,-79.918022
"515","431-111","ST","3098",96.1,40.251829,-79.918022
"516","431-113","ST","3098",110.1,40.251829,-79.918022
"517","431-112","ST","3098",98.1,40.251829,-79.918022
"518","237-351","CT","3109",26,39.908732,-76.988454
"519","237-354","CT","3110",27,39.8662,-77.1648
"520","237-353","CT","3110",27,39.8662,-77.1648
"521","237-352","CT","3110",27,39.8662,-77.1648
"522","237-356","CT","3111",27,40.122941,-77.172292
"523","237-355","CT","3111",27,40.122941,-77.172292
"524","237-357","CT","3112",26,39.8442,-77.3508
"525","237-314","CT","3113",26,40.910205,-75.079398
"526","237-111","ST","3113",158,40.910205,-75.079398
"527","237-112","ST","3113",243,40.910205,-75.079398
"528","237-313","CT","3113",19,40.910205,-75.079398
"529","237-315","CT","3113",156,40.910205,-75.079398
"530","237-341","CT","3114",26,41.061194,-75.058242
"531","237-325","CT","3115",20,40.3056,-75.9081
"532","237-121","ST","3115",83,40.3056,-75.9081
"533","237-122","ST","3115",83,40.3056,-75.9081
"534","237-123","ST","3115",83,40.3056,-75.9081
"535","237-324","CT","3115",19,40.3056,-75.9081
"536","237-359","CT","3116",27,39.760634,-76.635341
"537","237-358","CT","3116",27,39.760634,-76.635341
"538","208-511","HD","3117",19,40.113625,-76.71195
"539","238-412","DS","3118",3,40.3842,-79.0611
"540","238-414","DS","3118",3,40.3842,-79.0611
"541","238-411","DS","3118",3,40.3842,-79.0611
"542","238-112","ST","3118",850,40.3842,-79.0611
"543","238-413","DS","3118",3,40.3842,-79.0611
"544","238-111","ST","3118",850.4,40.3842,-79.0611
"545","238-301","CT","3120",26,41.706475,-77.08184
"546","220-133","ST","3122",650,40.512825,-79.196107
"547","211-133","ST","3122",650,40.512825,-79.196107
"548","220-132","ST","3122",614,40.512825,-79.196107
"549","211-132","ST","3122",614,40.512825,-79.196107
"550","211-131","ST","3122",620,40.512825,-79.196107
"551","220-131","ST","3122",620,40.512825,-79.196107
"552","262-506","HD","3124",9,41.192088,-79.433501
"553","262-505","HD","3124",9,41.192088,-79.433501
"554","262-507","HD","3124",9,41.192088,-79.433501
"555","238-854","ST","3130",62,40.40625,-79.03366
"556","238-651","ST","3130",525,40.40625,-79.03366
"557","238-155","ST","3130",137,40.40625,-79.03366
"558","238-163","ST","3131",180,41.06755,-78.366228
"559","238-467","DS","3131",2,41.06755,-78.366228
"560","238-465","DS","3131",2,41.06755,-78.366228
"561","238-161","ST","3131",128,41.06755,-78.366228
"562","238-466","DS","3131",2,41.06755,-78.366228
"563","238-164","ST","3131",180,41.06755,-78.366228
"564","238-162","ST","3131",130,41.06755,-78.366228
"565","238-372","CT","3132",79,41.835947,-79.188668
"566","238-871","ST","3132",41,41.835947,-79.188668
"567","238-872","ST","3132",41,41.835947,-79.188668
"568","238-323","CT","3134",76,41.519167,-80.011111
"569","238-142","ST","3136",850.4,40.6604,-79.3411
"570","238-446","DS","3136",3,40.6604,-79.3411
"571","238-141","ST","3136",850,40.6604,-79.3411
"572","238-445","DS","3136",3,40.6604,-79.3411
"573","238-443","DS","3136",3,40.6604,-79.3411
"574","238-444","DS","3136",3,40.6604,-79.3411
"575","431-155","ST","3138",140,40.937939,-80.369007
"576","431-154","ST","3138",97.1,40.937939,-80.369007
"577","431-153","ST","3138",95.1,40.937939,-80.369007
"578","431-472","DS","3138",3,40.937939,-80.369007
"579","431-471","DS","3138",3,40.937939,-80.369007
"580","212-325","CT","3139",18,40.608388,-75.45599
"581","212-323","CT","3139",18,40.608388,-75.45599
"582","212-322","CT","3139",18,40.608388,-75.45599
"583","212-324","CT","3139",18,40.608388,-75.45599
"584","212-415","DS","3140",3,40.096111,-76.6962
"585","212-417","DS","3140",2.2,40.096111,-76.6962
"586","212-114","ST","3140",390,40.096111,-76.6962
"587","212-137","ST","3140",749,40.096111,-76.6962
"588","212-416","DS","3140",3,40.096111,-76.6962
"589","212-113","ST","3140",334,40.096111,-76.6962
"590","212-339","CT","3142",18,40.689064,-76.219639
"591","212-338","CT","3142",18,40.689064,-76.219639
"592","212-328","CT","3143",18,40.257865,-76.857897
"593","212-331","CT","3143",18,40.257865,-76.857897
"594","212-330","CT","3143",18,40.257865,-76.857897
"595","212-329","CT","3143",18,40.257865,-76.857897
"596","212-332","CT","3144",18,40.9353,-76.0284
"597","212-333","CT","3144",18,40.9353,-76.0284
"598","262-524","HD","3145",10,39.827198,-76.331772
"599","262-526","HD","3145",12.7,39.827198,-76.331772
"600","262-535","HD","3145",1.25,39.827198,-76.331772
"601","262-525","HD","3145",11.7,39.827198,-76.331772
"602","262-528","HD","3145",12.1,39.827198,-76.331772
"603","262-534","HD","3145",1.25,39.827198,-76.331772
"604","262-527","HD","3145",11.2,39.827198,-76.331772
"605","262-531","HD","3145",11,39.827198,-76.331772
"606","262-532","HD","3145",13.2,39.827198,-76.331772
"607","262-529","HD","3145",12.5,39.827198,-76.331772
"608","212-111","ST","3145",73,39.827198,-76.331772
"609","262-536","HD","3145",64.6,39.827198,-76.331772
"610","262-533","HD","3145",13.2,39.827198,-76.331772
"611","262-537","HD","3145",64.6,39.827198,-76.331772
"612","262-530","HD","3145",11.4,39.827198,-76.331772
"613","212-327","CT","3146",18,41.282405,-75.816439
"614","212-326","CT","3146",18,41.282405,-75.816439
"615","212-340","CT","3147",18,41.1189,-77.4709
"616","212-419","DS","3148",2,40.797762,-75.105416
"617","212-418","DS","3148",3,40.797762,-75.105416
"618","212-112","ST","3148",150,40.797762,-75.105416
"619","212-345","CT","3148",24,40.797762,-75.105416
"620","212-346","CT","3148",24,40.797762,-75.105416
"621","212-159","ST","3148",850,40.797762,-75.105416
"622","212-344","CT","3148",24,40.797762,-75.105416
"623","212-343","CT","3148",24,40.797762,-75.105416
"624","212-110","ST","3148",150,40.797762,-75.105416
"625","212-158","ST","3148",850,40.797762,-75.105416
"626","212-157","ST","3149",766,41.0714,-76.6672
"627","212-149","ST","3149",761,41.0714,-76.6672
"628","212-103","ST","3149",15,41.0714,-76.6672
"629","263-348","CT","3152",24,40.8361,-76.825
"630","263-420","DS","3152",3,40.8361,-76.825
"631","263-421","DS","3152",3,40.8361,-76.825
"632","263-101","ST","3152",76,40.8361,-76.825
"633","263-347","CT","3152",24,40.8361,-76.825
"634","212-806","ST","3152",255,40.8361,-76.825
"635","263-102","ST","3152",76,40.8361,-76.825
"636","263-109","ST","3152",134,40.8361,-76.825
"637","263-103","ST","3152",103,40.8361,-76.825
"638","262-539","HD","3153",22,41.467858,-75.130895
"639","262-538","HD","3153",22,41.467858,-75.130895
"640","212-341","CT","3154",18,40.1908,-76.94579
"641","212-342","CT","3154",18,40.1908,-76.94579
"642","212-334","CT","3155",18,41.2361,-77.00755
"643","212-335","CT","3155",18,41.2361,-77.00755
"644","213-383","CT","3157",18,39.8301,-75.3837
"645","213-382","CT","3157",18,39.8301,-75.3837
"646","213-381","CT","3157",18,39.8301,-75.3837
"647","213-130","ST","3159",211,40.1531,-75.5294
"648","213-402","DS","3159",2.7,40.1531,-75.5294
"649","213-129","ST","3159",147,40.1531,-75.5294
"650","213-387","CT","3160",18,39.968021,-75.125203
"651","213-386","CT","3160",18,39.968021,-75.125203
"652","213-403","DS","3160",2.7,39.968021,-75.125203
"653","213-127","ST","3160",128,39.968021,-75.125203
"654","213-384","CT","3160",20,39.968021,-75.125203
"655","213-385","CT","3160",18,39.968021,-75.125203
"656","213-128","ST","3160",128,39.968021,-75.125203
"657","213-373","CT","3161",18,39.858,-75.323
"658","213-375","CT","3161",20,39.858,-75.323
"659","213-374","CT","3161",18,39.858,-75.323
"660","213-135","ST","3161",380,39.858,-75.323
"661","213-376","CT","3161",20,39.858,-75.323
"662","213-134","ST","3161",380,39.858,-75.323
"663","213-132","ST","3161",288,39.858,-75.323
"664","213-133","ST","3161",318,39.858,-75.323
"665","213-394","CT","3162",20,40.176486,-74.789976
"666","213-393","CT","3162",20,40.176486,-74.789976
"667","213-395","CT","3162",20,40.176486,-74.789976
"668","213-391","CT","3163",20,40.2352,-75.6193
"669","213-392","CT","3163",20,40.2352,-75.6193
"670","213-390","CT","3163",20,40.2352,-75.6193
"671","213-522","HD","3164",133,39.8076,-76.2993
"672","213-523","HD","3164",134,39.8076,-76.2993
"673","213-521","HD","3164",134,39.8076,-76.2993
"674","213-524","HD","3164",134,39.8076,-76.2993
"675","213-525","HD","3164",134,39.8076,-76.2993
"676","213-527","HD","3164",134,39.8076,-76.2993
"677","213-528","HD","3164",134,39.8076,-76.2993
"678","213-526","HD","3164",133,39.8076,-76.2993
"679","213-202","NU","3166",1226.7,39.758936,-76.268742
"680","213-201","NU","3166",1223.7,39.758936,-76.268742
"681","213-318","CT","3168",66,39.984469,-75.075247
"682","213-319","CT","3168",66,39.984469,-75.075247
"683","213-388","CT","3169",18,39.9419,-75.1883
"684","213-389","CT","3169",20,39.9419,-75.1883
"685","213-405","DS","3169",3,39.9419,-75.1883
"686","213-131","ST","3169",175,39.9419,-75.1883
"687","213-380","CT","3170",18,39.9144,-75.135
"688","213-377","CT","3170",18,39.9144,-75.135
"689","213-378","CT","3170",18,39.9144,-75.135
"690","213-379","CT","3170",18,39.9144,-75.135
"691","200-919","HD","3175",37.5,39.9244,-76.39
"692","200-916","HD","3175",33,39.9244,-76.39
"693","200-921","HD","3175",38.5,39.9244,-76.39
"694","200-920","HD","3175",38.5,39.9244,-76.39
"695","200-918","HD","3175",32.5,39.9244,-76.39
"696","200-912","HD","3175",32,39.9244,-76.39
"697","200-922","HD","3175",38,39.9244,-76.39
"698","200-917","HD","3175",32,39.9244,-76.39
"699","200-923","HD","3175",38.5,39.9244,-76.39
"700","200-915","HD","3175",32,39.9244,-76.39
"701","200-913","HD","3175",32,39.9244,-76.39
"702","200-914","HD","3175",33,39.9244,-76.39
"703","216-102","ST","3176",50,41.200556,-76.07
"704","216-103","CC","3176",29,41.200556,-76.07
"705","216-701","CC","3176",48,41.200556,-76.07
"706","216-702","CC","3176",48,41.200556,-76.07
"707","427-104","ST","3178",180,40.929167,-79.465556
"708","427-105","ST","3178",176,40.929167,-79.465556
"709","427-113","ST","3179",570,39.855556,-79.9275
"710","427-112","ST","3179",570,39.855556,-79.9275
"711","427-111","ST","3179",570,39.855556,-79.9275
"712","341-522","HD","3423",33,36.289539,-85.94416
"713","341-520","HD","3423",33,36.289539,-85.94416
"714","341-521","HD","3423",33,36.289539,-85.94416
"715","341-525","HD","3424",18,36.5378,-85.4517
"716","341-524","HD","3424",18,36.5378,-85.4517
"717","341-523","HD","3424",18,36.5378,-85.4517
"718","341-528","HD","3426",25,36.2972,-86.6556
"719","341-529","HD","3426",25,36.2972,-86.6556
"720","341-530","HD","3426",25,36.2972,-86.6556
"721","341-531","HD","3426",25,36.2972,-86.6556
"722","341-526","HD","3428",28,36.1564,-86.6186
"723","401-500","HD","3772",3,36.808229,-80.938714
"724","401-502","HD","3772",3,36.808229,-80.938714
"725","401-501","HD","3772",3,36.808229,-80.938714
"726","401-503","HD","3773",5.4,36.7858,-80.9333
"727","401-505","HD","3773",5.4,36.7858,-80.9333
"728","401-504","HD","3773",5.4,36.7858,-80.9333
"729","401-506","HD","3773",5.4,36.7858,-80.9333
"730","401-508","HD","3774",18.8,37.075,-80.5847
"731","401-509","HD","3774",18.8,37.075,-80.5847
"732","401-510","HD","3774",18.8,37.075,-80.5847
"733","401-507","HD","3774",18.8,37.075,-80.5847
"734","401-112","ST","3775",232.1,36.9333,-82.1997
"735","401-111","ST","3775",232.1,36.9333,-82.1997
"736","401-113","ST","3775",232.1,36.9333,-82.1997
"737","401-125","ST","3776",95,37.3706,-80.8633
"738","401-126","ST","3776",240,37.3706,-80.8633
"739","401-512","HD","3777",25,37.0933,-79.4025
"740","401-511","HD","3777",25,37.0933,-79.4025
"741","401-519","HD","3778",2,37.2544,-79.8756
"742","401-520","HD","3778",2,37.2544,-79.8756
"743","924-500","HD","3779",12.5,37.4639,-79.1856
"744","401-525","HD","3779",2,37.4639,-79.1856
"745","401-522","HD","3779",2,37.4639,-79.1856
"746","401-523","HD","3779",2,37.4639,-79.1856
"747","401-524","HD","3779",2,37.4639,-79.1856
"748","401-521","HD","3779",2,37.4639,-79.1856
"749","401-528","HD","3780",105,37.0413,-79.5356
"750","401-530","HD","3780",70,37.0413,-79.5356
"751","401-526","HD","3780",70,37.0413,-79.5356
"752","401-529","HD","3780",185,37.0413,-79.5356
"753","401-527","HD","3780",185,37.0413,-79.5356
"754","250-460","DS","3782",12.5,37.2717,-75.9682
"755","250-381","CT","3785",33,37.7061,-75.7031
"756","235-134","ST","3788",102,38.8078,-77.0372
"757","235-133","ST","3788",102,38.8078,-77.0372
"758","235-135","ST","3788",102,38.8078,-77.0372
"759","235-131","ST","3788",88,38.8078,-77.0372
"760","235-132","ST","3788",88,38.8078,-77.0372
"761","328-101","ST","3796",74,37.7089,-78.2878
"762","328-102","ST","3796",160,37.7089,-78.2878
"763","328-108","ST","3797",671,37.3822,-77.3833
"764","328-106","ST","3797",171,37.3822,-77.3833
"765","328-105","ST","3797",105,37.3822,-77.3833
"766","328-107","ST","3797",336.8,37.3822,-77.3833
"767","328-801","CC","3797",232,37.3822,-77.3833
"768","328-802","CC","3797",235,37.3822,-77.3833
"769","328-515","HD","3798",2,37.592887,-79.380823
"770","328-303","CT","3799",12,37.777,-79.892
"771","328-304","CT","3799",12,37.777,-79.892
"772","328-306","CT","3799",12,37.777,-79.892
"773","328-305","CT","3799",12,37.777,-79.892
"774","328-309","CT","3800",19,37.95,-76.711
"775","328-310","CT","3800",19,37.95,-76.711
"776","328-308","CT","3800",19,37.95,-76.711
"777","328-311","CT","3800",19,37.95,-76.711
"778","328-314","CT","3803",18,36.7711,-76.3019
"779","328-312","CT","3803",19,36.7711,-76.3019
"780","328-319","CT","3803",29,36.7711,-76.3019
"781","328-112","ST","3803",111,36.7711,-76.3019
"782","328-113","ST","3803",111,36.7711,-76.3019
"783","328-315","CT","3803",18,36.7711,-76.3019
"784","328-317","CT","3803",29,36.7711,-76.3019
"785","328-115","ST","3803",221,36.7711,-76.3019
"786","328-318","CT","3803",29,36.7711,-76.3019
"787","328-316","CT","3803",29,36.7711,-76.3019
"788","328-114","ST","3803",162,36.7711,-76.3019
"789","328-313","CT","3803",18,36.7711,-76.3019
"790","328-116","ST","3804",74,38.5367,-77.2806
"791","328-321","CT","3804",16,38.5367,-77.2806
"792","328-117","ST","3804",71,38.5367,-77.2806
"793","328-323","CT","3804",16,38.5367,-77.2806
"794","328-320","CT","3804",16,38.5367,-77.2806
"795","328-120","ST","3804",791.1,38.5367,-77.2806
"796","328-322","CT","3804",16,38.5367,-77.2806
"797","328-119","ST","3804",221,38.5367,-77.2806
"798","328-118","ST","3804",105,38.5367,-77.2806
"799","328-325","CT","3804",16,38.5367,-77.2806
"800","328-324","CT","3804",16,38.5367,-77.2806
"801","328-804","CC","3804",610,38.5367,-77.2806
"802","328-204","NU","3806",868.1,37.1661,-76.6986
"803","328-203","NU","3806",863.1,37.1661,-76.6986
"804","328-121","ST","3809",163,37.2144,-76.4611
"805","328-122","ST","3809",172,37.2144,-76.4611
"806","328-123","ST","3809",820,37.2144,-76.4611
"807","341-501","HD","3833",42,36.59943,-78.3005
"808","341-504","HD","3833",42,36.59943,-78.3005
"809","341-503","HD","3833",42,36.59943,-78.3005
"810","341-502","HD","3833",42,36.59943,-78.3005
"811","341-505","HD","3833",42,36.59943,-78.3005
"812","341-506","HD","3833",42,36.59943,-78.3005
"813","341-500","HD","3833",15,36.59943,-78.3005
"814","341-507","HD","3834",7,36.7803,-80.0281
"815","341-509","HD","3834",1,36.7803,-80.0281
"816","341-508","HD","3834",7,36.7803,-80.0281
"817","510-810","ST","384",518,41.494636,-88.123827
"818","510-811","ST","384",518,41.494636,-88.123827
"819","401-101","ST","3935",800,38.4731,-81.8233
"820","401-103","ST","3935",1330,38.4731,-81.8233
"821","401-102","ST","3935",800,38.4731,-81.8233
"822","401-132","ST","3936",200,38.2056,-81.4211
"823","401-131","ST","3936",200,38.2056,-81.4211
"824","499-104","ST","3938",148.1,38.9669,-81.9231
"825","499-100","ST","3938",150.1,38.9669,-81.9231
"826","402-101","ST","3938",145,38.9669,-81.9231
"827","402-103","ST","3938",146.1,38.9669,-81.9231
"828","402-105","ST","3938",450.1,38.9669,-81.9231
"829","417-103","ST","3942",50,39.488611,-79.636944
"830","427-101","ST","3942",76,39.488611,-79.636944
"831","427-103","ST","3942",140,39.488611,-79.636944
"832","427-102","ST","3942",76,39.488611,-79.636944
"833","427-107","ST","3943",561.1,39.710833,-79.9275
"834","427-106","ST","3943",552,39.710833,-79.9275
"835","427-109","ST","3944",651,39.384167,-80.3325
"836","427-110","ST","3944",661.1,39.384167,-80.3325
"837","427-108","ST","3944",659.1,39.384167,-80.3325
"838","427-122","ST","3945",46,39.531389,-80.113056
"839","427-123","ST","3945",91,39.531389,-80.113056
"840","427-129","ST","3946",181,39.367222,-81.3
"841","427-128","ST","3946",54,39.367222,-81.3
"842","499-124","ST","3947",420,39.8461,-80.8186
"843","499-126","ST","3947",210,39.8461,-80.8186
"844","499-121","ST","3947",205.1,39.8461,-80.8186
"845","499-123","ST","3947",208.1,39.8461,-80.8186
"846","499-122","ST","3947",208.1,39.8461,-80.8186
"847","427-116","ST","3948",72,39.8297,-80.8153
"848","414-131","ST","3948",800,39.8297,-80.8153
"849","427-118","ST","3948",288.1,39.8297,-80.8153
"850","427-117","ST","3948",82,39.8297,-80.8153
"851","414-132","ST","3948",800,39.8297,-80.8153
"852","328-111","ST","3954",536,39.2008,-79.2636
"853","328-110","ST","3954",553.3,39.2008,-79.2636
"854","328-307","CT","3954",16,39.2008,-79.2636
"855","328-109","ST","3954",551,39.2008,-79.2636
"856","206-495","DS","4257",6.3,38.795,-76.07
"857","206-473","DS","4257",1.5,38.795,-76.07
"858","206-498","DS","4257",6.3,38.795,-76.07
"859","206-474","DS","4257",1.5,38.795,-76.07
"860","206-497","DS","4257",6.3,38.795,-76.07
"861","206-302","CT","4257",5.1,38.795,-76.07
"862","206-496","DS","4257",6.3,38.795,-76.07
"863","206-301","CT","4257",5.1,38.795,-76.07
"864","441-503","HD","4258",23.4,38.6472,-82.8594
"865","441-504","HD","4258",23.4,38.6472,-82.8594
"866","441-505","HD","4258",23.4,38.6472,-82.8594
"867","262-521","HD","50010",0.33,38.1483,-81.2147
"868","262-517","HD","50010",0.33,38.1483,-81.2147
"869","262-520","HD","50010",0.33,38.1483,-81.2147
"870","262-516","HD","50010",0.33,38.1483,-81.2147
"871","262-519","HD","50010",0.33,38.1483,-81.2147
"872","262-518","HD","50010",0.33,38.1483,-81.2147
"873","262-522","HD","50010",1.75,38.1483,-81.2147
"874","262-523","HD","50010",1.75,38.1483,-81.2147
"875","417-501","HD","50036",30.1,39.6672,-80.8642
"876","276-189","ST","50039",52,40.873399,-75.993494
"877","223-301","CT","50074",53,39.8103,-75.4281
"878","215-850","DS","50094",12,40.2167,-74.7667
"879","208-185","ST","50215",30,40.0017,-76.7183
"880","222-100","ST","50279",26.9,41.485,-75.5406
"881","222-302","CT","50279",4.6,41.485,-75.5406
"882","222-301","CT","50279",50,41.485,-75.5406
"883","222-303","CT","50279",4.6,41.485,-75.5406
"884","212-180","ST","50279",18,41.485,-75.5406
"885","242-490","DS","50373",12,40.2733,-76.8844
"886","256-859","CC","50385",147,40.7197,-74.13
"887","208-181","ST","50397",35,39.870935,-76.868117
"888","277-650","ST","50410",55,39.843743,-75.358801
"889","256-855","CC","50497",177.3,40.655325,-74.112442
"890","328-807","CC","50555",198,36.4517,-77.6594
"891","280-857","CC","50561",237,39.8746,-75.1592
"892","213-363","CT","50578",5,40.27244,-75.670351
"893","208-899","ST","50611",30,40.6191,-76.45
"894","230-650","ST","50611",32.5,40.6191,-76.45
"895","201-802","CC","50628",12,39.84,-75.2583
"896","201-808","CC","50628",44,39.84,-75.2583
"897","201-801","CC","50628",20,39.84,-75.2583
"898","201-803","CC","50628",12,39.84,-75.2583
"899","288-892","ST","50657",52,39.2006,-77.4556
"900","328-614","ST","50658",70,38.695,-77.2411
"901","272-193","ST","50771",16,40.9172,-76.8146
"902","208-184","ST","50776",80,40.8556,-75.8781
"903","212-194","ST","50782",1,41.387778,-75.717222
"904","250-711","CC","50797",39,40.7919,-74.2438
"905","250-111","CC","50797",18,40.7919,-74.2438
"906","205-893","CC","50797",52,40.7919,-74.2438
"907","205-891","CC","50799",114,40.460717,-74.327161
"908","270-131","CC","50799",23,40.460717,-74.327161
"909","270-731","CC","50799",39,40.460717,-74.327161
"910","270-732","CC","50799",39,40.460717,-74.327161
"911","270-132","CC","50799",23,40.460717,-74.327161
"912","250-371","CT","5083",92,39.3757,-74.9654
"913","250-370","CT","5083",96,39.3757,-74.9654
"914","267-896","CC","50852",70,40.905337,-74.130448
"915","208-182","ST","50859",30,40.0711,-76.6436
"916","271-192","ST","50879",43,40.782377,-76.176184
"917","205-895","ST","50885",12,39.8733,-75.1381
"918","218-650","ST","50888",112,40.6917,-75.4792
"919","297-506","HD","50894",8,40.716389,-79.577222
"920","297-517","HD","50894",9.2,40.716389,-79.577222
"921","297-505","HD","50894",7,40.716389,-79.577222
"922","215-860","ST","50960",39,40.601264,-74.266372
"923","328-803","CC","50966",267,37.4964,-77.4317
"924","282-650","ST","50974",85,41.2691,-79.8134
"925","328-129","ST","52007",69,36.6,-78.53
"926","328-130","ST","52007",69,36.6,-78.53
"927","371-802","CC","52019",363,37.820805,-77.446246
"928","371-801","CC","52019",363,37.820805,-77.446246
"929","371-301","CT","52019",182,37.820805,-77.446246
"930","211-583","HD","52036",5,39.801637,-79.368214
"931","215-481","DS","52051",3,38.6892,-77.2375
"932","924-501","HD","52068",11,40.915319,-74.180986
"933","328-701","CT","52087",125,36.775,-76.3083
"934","328-702","CT","52087",125,36.775,-76.3083
"935","328-343","CT","52087",125,36.775,-76.3083
"936","328-342","CT","52087",125,36.775,-76.3083
"937","328-700","CT","52087",125,36.775,-76.3083
"938","328-344","CT","52087",125,36.775,-76.3083
"939","328-131","ST","52118",83,37.104141,-79.276958
"940","328-613","ST","52118",40,37.104141,-79.276958
"941","328-612","ST","52118",40,37.104141,-79.276958
"942","915-401","DS","52149",2,40.220453,-75.301645
"943","211-581","HD","52173",8,40.46439,-79.365703
"944","905-403","DS","52203",0.8,39.144,-77.2059
"945","905-401","DS","52203",1,39.144,-77.2059
"946","905-402","DS","52203",1,39.144,-77.2059
"947","410-303","CT","54",142,37.8833,-84.1017
"948","410-310","CT","54",107,37.8833,-84.1017
"949","410-305","CT","54",98,37.8833,-84.1017
"950","410-306","CT","54",98,37.8833,-84.1017
"951","410-301","CT","54",142,37.8833,-84.1017
"952","410-304","CT","54",98,37.8833,-84.1017
"953","410-307","CT","54",98,37.8833,-84.1017
"954","410-309","CT","54",107,37.8833,-84.1017
"955","410-302","CT","54",142,37.8833,-84.1017
"956","1A3-821","CC","54034",82.7,42.625325,-73.749955
"957","328-616","ST","54035",167,36.4364,-77.6167
"958","345-401","DS","54045",3,37.2081,-77.3955
"959","345-402","DS","54047",3,37.3926,-77.5615
"960","328-608","ST","54081",47,37.4556,-77.4308
"961","328-606","ST","54081",58,37.4556,-77.4308
"962","328-607","ST","54081",58,37.4556,-77.4308
"963","328-609","ST","54081",47,37.4556,-77.4308
"964","212-186","ST","54089",22,41.2206,-77.6191
"965","211-650","ST","54144",31,41.1764,-79.4414
"966","498-618","ST","54304",238,38.2667,-77.3147
"967","215-853","CC","54367",3,40.2809,-74.7131
"968","244-101","ST","54625",28,40.0967,-75.3103
"969","212-191","ST","54634",88,40.8222,-76.1736
"970","224-101","ST","54638",49,41.491466,-78.675759
"971","205-889","CC","54640",282,40.0613,-74.1686
"972","208-898","CC","54693",58.1,39.985641,-76.676158
"973","215-482","DS","54723",3,38.6892,-77.2375
"974","505-100","ST","54746",48,40.162633,-74.768164
"975","328-617","ST","54755",45,36.4364,-77.6167
"976","345-404","DS","54766",3,37.193584,-77.467185
"977","345-409","DS","54766",8.1,37.193584,-77.467185
"978","213-801","CC","54785",163,39.942219,-75.188069
"979","209-805","CC","54807",46,39.3729,-75.1305
"980","210-891","CC","54832",230,38.6681,-76.8678
"981","328-805","CC","54844",144,38.124688,-78.203543
"982","328-806","CC","54844",144,38.124688,-78.203543
"983","488-504","HD","54898",21,35.4475,-83.863889
"984","488-503","HD","54898",21,35.4475,-83.863889
"985","488-509","HD","54899",33.6,35.4478,-83.9383
"986","488-508","HD","54899",27.5,35.4478,-83.9383
"987","488-507","HD","54899",27.5,35.4478,-83.9383
"988","488-505","HD","54899",27.5,35.4478,-83.9383
"989","488-506","HD","54899",27.5,35.4478,-83.9383
"990","488-501","HD","54900",52,35.4923,-83.9806
"991","488-500","HD","54900",52,35.4923,-83.9806
"992","488-502","HD","54900",52,35.4923,-83.9806
"993","488-510","HD","54901",17,35.5453,-84.0503
"994","488-511","HD","54901",17,35.5453,-84.0503
"995","488-512","HD","54901",17,35.5453,-84.0503
"996","212-496","DS","54934",5,41.436308,-75.598437
"997","205-888","DS","54980",5,40.0081,-74.3306
"998","215-499","DS","54980",9.6,40.0081,-74.3306
"999","211-889","DS","55074",5,42.0786,-80.0708
"1000","458-302","CC","55088",150,42.3026,-83.154
"1001","458-303","CC","55088",250,42.3026,-83.154
"1002","458-300","CT","55088",150,42.3026,-83.154
"1003","458-301","CC","55088",150,42.3026,-83.154
"1004","215-862","ST","55092",9,40.4301,-74.4144
"1005","556-363","CT","55109",30,42.0931,-88.2397
"1006","556-361","CT","55109",110,42.0931,-88.2397
"1007","556-364","CT","55109",110,42.0931,-88.2397
"1008","556-362","CT","55109",110,42.0931,-88.2397
"1009","430-381","CT","55110",88,39.4522,-84.4647
"1010","430-386","CT","55110",88,39.4522,-84.4647
"1011","430-382","CT","55110",88,39.4522,-84.4647
"1012","430-384","CT","55110",88,39.4522,-84.4647
"1013","430-387","CT","55110",88,39.4522,-84.4647
"1014","430-388","CT","55110",88,39.4522,-84.4647
"1015","430-385","CT","55110",88,39.4522,-84.4647
"1016","430-383","CT","55110",88,39.4522,-84.4647
"1017","534-801","CC","55131",305,41.4797,-88.2581
"1018","534-803","CC","55131",320,41.4797,-88.2581
"1019","534-802","CC","55131",306,41.4797,-88.2581
"1020","534-800","CC","55131",320,41.4797,-88.2581
"1021","208-892","CT","55142",8,39.9578,-76.7408
"1022","243-404","DS","55159",2,40.9529,-74.0837
"1023","243-405","DS","55159",2,40.9529,-74.0837
"1024","410-322","CT","55164",202,38.3902,-85.4133
"1025","410-323","CT","55164",202,38.3902,-85.4133
"1026","410-321","CT","55164",202,38.3902,-85.4133
"1027","2A2-302","CC","55183",175.7,41.774444,-89.607222
"1028","2A2-802","CC","55183",139,41.774444,-89.607222
"1029","2A2-301","CC","55183",175.7,41.774444,-89.607222
"1030","2A2-801","CC","55183",139,41.774444,-89.607222
"1031","502-101","CC","55188",150,41.712216,-90.279679
"1032","502-782","CC","55188",175,41.712216,-90.279679
"1033","502-781","CC","55188",175,41.712216,-90.279679
"1034","260-141","CC","55193",197.1,40.4219,-75.9356
"1035","260-742","CC","55193",191,40.4219,-75.9356
"1036","260-741","CC","55193",191,40.4219,-75.9356
"1037","427-300","CT","55196",44,40.546667,-79.768333
"1038","427-301","CT","55196",44,40.546667,-79.768333
"1039","445-335","CT","55198",208,38.191661,-82.604586
"1040","445-334","CT","55198",208,38.191661,-82.604586
"1041","509-304","CT","55199",154,41.4388,-88.1236
"1042","509-305","CT","55199",190,41.4388,-88.1236
"1043","509-308","CT","55199",190,41.4388,-88.1236
"1044","509-307","CT","55199",190,41.4388,-88.1236
"1045","509-301","CT","55199",154,41.4388,-88.1236
"1046","509-302","CT","55199",155,41.4388,-88.1236
"1047","509-303","CT","55199",154,41.4388,-88.1236
"1048","509-309","CT","55199",155,41.4388,-88.1236
"1049","509-306","CT","55199",190,41.4388,-88.1236
"1050","504-309","CT","55201",120,40.4705,-88.3987
"1051","504-310","CT","55201",120,40.4705,-88.3987
"1052","537-701","CC","55216",38,41.411944,-88.332778
"1053","537-702","CC","55216",38,41.411944,-88.332778
"1054","537-101","CC","55216",62,41.411944,-88.332778
"1055","920-403","DS","55216",1.9,41.411944,-88.332778
"1056","537-703","CC","55216",38,41.411944,-88.332778
"1057","427-318","CT","55224",128,38.6716,-87.2931
"1058","427-315","CT","55224",128,38.6716,-87.2931
"1059","427-316","CT","55224",128,38.6716,-87.2931
"1060","427-317","CT","55224",128,38.6716,-87.2931
"1061","450-360","CT","55228",59,40.075783,-84.615136
"1062","450-361","CT","55228",59,40.075783,-84.615136
"1063","450-362","CT","55228",59,40.075783,-84.615136
"1064","450-363","CT","55228",59,40.075783,-84.615136
"1065","257-702","CC","55231",170.7,39.8614,-75.3358
"1066","257-801","CC","55231",521,39.8614,-75.3358
"1067","257-701","CC","55231",170.7,39.8614,-75.3358
"1068","257-124","CC","55231",223.8,39.8614,-75.3358
"1069","202-372","CT","55233",53.5,41.2908,-79.8061
"1070","202-371","CT","55233",53.5,41.2908,-79.8061
"1071","202-373","CT","55233",53.5,41.2908,-79.8061
"1072","202-375","CT","55233",53.5,41.2908,-79.8061
"1073","202-374","CT","55233",53.5,41.2908,-79.8061
"1074","527-308","CT","55236",80,41.8287,-89.4054
"1075","527-307","CT","55236",80,41.8287,-89.4054
"1076","527-305","CT","55236",80,41.8287,-89.4054
"1077","527-301","CT","55236",80,41.8287,-89.4054
"1078","527-306","CT","55236",80,41.8287,-89.4054
"1079","527-302","CT","55236",80,41.8287,-89.4054
"1080","527-303","CT","55236",80,41.8287,-89.4054
"1081","527-304","CT","55236",80,41.8287,-89.4054
"1082","535-360","CT","55238",150,42.238558,-89.101202
"1083","535-361","CT","55238",150,42.238558,-89.101202
"1084","249-802","CC","55239",802.1,40.448674,-74.348879
"1085","2B2-311","CT","55247",94,39.7139,-83.1778
"1086","2B2-315","CT","55247",94,39.7139,-83.1778
"1087","2B2-313","CT","55247",94,39.7139,-83.1778
"1088","2B2-316","CT","55247",94,39.7139,-83.1778
"1089","2B2-312","CT","55247",94,39.7139,-83.1778
"1090","2B2-314","CT","55247",94,39.7139,-83.1778
"1091","440-337","CT","55248",94,39.727679,-84.209489
"1092","440-334","CT","55248",94,39.727679,-84.209489
"1093","440-336","CT","55248",94,39.727679,-84.209489
"1094","440-335","CT","55248",94,39.727679,-84.209489
"1095","501-703","CT","55250",53.2,41.440893,-87.753189
"1096","501-701","CT","55250",53.1,41.440893,-87.753189
"1097","501-702","CT","55250",53.2,41.440893,-87.753189
"1098","501-705","CT","55250",53.2,41.440893,-87.753189
"1099","501-704","CT","55250",53.2,41.440893,-87.753189
"1100","501-706","CT","55250",53.2,41.440893,-87.753189
"1101","327-306","CT","55251",180,36.2454,-88.612
"1102","327-304","CT","55251",185,36.2454,-88.612
"1103","327-305","CT","55251",185,36.2454,-88.612
"1104","531-304","CT","55253",75.2,41.429444,-87.6187
"1105","531-302","CT","55253",75.2,41.429444,-87.6187
"1106","531-301","CT","55253",231.3,41.429444,-87.6187
"1107","531-303","CT","55253",75.2,41.429444,-87.6187
"1108","401-306","CT","55276",91,38.3681,-82.5339
"1109","401-304","CT","55276",91,38.3681,-82.5339
"1110","401-303","CT","55276",91,38.3681,-82.5339
"1111","401-302","CT","55276",91,38.3681,-82.5339
"1112","401-301","CT","55276",90,38.3681,-82.5339
"1113","401-305","CT","55276",91,38.3681,-82.5339
"1114","526-306","CT","55279",45,41.8151,-88.2265
"1115","526-308","CT","55279",45,41.8151,-88.2265
"1116","526-303","CT","55279",152,41.8151,-88.2265
"1117","526-307","CT","55279",45,41.8151,-88.2265
"1118","526-309","CT","55279",45,41.8151,-88.2265
"1119","526-304","CT","55279",152,41.8151,-88.2265
"1120","526-305","CT","55279",45,41.8151,-88.2265
"1121","526-302","CT","55279",152,41.8151,-88.2265
"1122","526-310","CT","55279",45,41.8151,-88.2265
"1123","526-301","CT","55279",152,41.8151,-88.2265
"1124","506-312","CT","55281",44,41.7181,-87.5449
"1125","506-310","CT","55281",44,41.7181,-87.5449
"1126","506-305","CT","55281",116.1,41.7181,-87.5449
"1127","506-308","CT","55281",44,41.7181,-87.5449
"1128","506-311","CT","55281",44,41.7181,-87.5449
"1129","506-309","CT","55281",129.1,41.7181,-87.5449
"1130","506-307","CT","55281",44,41.7181,-87.5449
"1131","506-306","CT","55281",44,41.7181,-87.5449
"1132","449-384","CT","55285",56,36.6644,-82.1044
"1133","449-385","CT","55285",56,36.6644,-82.1044
"1134","449-383","CT","55285",56,36.6644,-82.1044
"1135","449-381","CT","55285",56,36.6644,-82.1044
"1136","449-382","CT","55285",56,36.6644,-82.1044
"1137","332-181","CC","55293",271,34.6397,-87.0639
"1138","332-781","CC","55293",178,34.6397,-87.0639
"1139","332-782","CC","55293",178,34.6397,-87.0639
"1140","332-783","CC","55293",178,34.6397,-87.0639
"1141","260-300","CT","55296",200,41.6835,-87.5563
"1142","260-301","CT","55296",200,41.6835,-87.5563
"1143","453-802","CC","55297",390,42.32238,-86.29368
"1144","453-801","CC","55297",390,42.32238,-86.29368
"1145","453-803","CC","55297",390,42.32238,-86.29368
"1146","253-800","CC","55298",624,40.1475,-74.7411
"1147","253-801","CC","55298",630,40.1475,-74.7411
"1148","2B7-702","CC","55337",225,40.3509,-76.3658
"1149","2B7-701","CC","55337",225,40.3509,-76.3658
"1150","249-801","CC","55337",685.1,40.3509,-76.3658
"1151","2B7-101","CC","55337",223,40.3509,-76.3658
"1152","2B6-372","CT","55347",159.4,40.638021,-79.351725
"1153","2B6-373","CT","55347",158.7,40.638021,-79.351725
"1154","2B6-374","CT","55347",161.1,40.638021,-79.351725
"1155","2B6-375","CT","55347",159.6,40.638021,-79.351725
"1156","2B5-376","CT","55348",160,41.47724,-83.45983
"1157","2B5-377","CT","55348",160,41.47724,-83.45983
"1158","2B5-378","CT","55348",160,41.47724,-83.45983
"1159","2B5-379","CT","55348",160,41.47724,-83.45983
"1160","260-370","CT","55349",160.2,39.3325,-81.3642
"1161","260-371","CT","55349",161.1,39.3325,-81.3642
"1162","401-701","CC","55350",162.1,40.0928,-82.0276
"1163","401-142","CC","55350",253,40.0928,-82.0276
"1164","401-702","CC","55350",162.1,40.0928,-82.0276
"1165","740-703","CC","55358",165,30.2588,-93.7353
"1166","740-702","CC","55358",150,30.2588,-93.7353
"1167","740-113","CC","55358",150,30.2588,-93.7353
"1168","740-701","CC","55358",150,30.2588,-93.7353
"1169","740-111","CC","55358",165,30.2588,-93.7353
"1170","740-112","CC","55358",165,30.2588,-93.7353
"1171","740-114","CC","55358",150,30.2588,-93.7353
"1172","740-704","CC","55358",165,30.2588,-93.7353
"1173","438-702","CC","55364",200,39.3931,-87.5108
"1174","438-171","CC","55364",175.1,39.3931,-87.5108
"1175","438-701","CC","55364",200,39.3931,-87.5108
"1176","427-302","CT","55377",44,39.7475,-79.838888
"1177","427-303","CT","55377",44,39.7475,-79.838888
"1178","388-307","CC","55380",160,33.296146,-92.589364
"1179","388-301","CC","55380",160,33.296146,-92.589364
"1180","388-308","CC","55380",160,33.296146,-92.589364
"1181","388-104","CC","55380",235,33.296146,-92.589364
"1182","388-103","CC","55380",235,33.296146,-92.589364
"1183","388-306","CC","55380",160,33.296146,-92.589364
"1184","388-302","CC","55380",160,33.296146,-92.589364
"1185","388-303","CC","55380",160,33.296146,-92.589364
"1186","388-101","CC","55380",235,33.296146,-92.589364
"1187","388-305","CC","55380",160,33.296146,-92.589364
"1188","388-102","CC","55380",235,33.296146,-92.589364
"1189","388-304","CC","55380",160,33.296146,-92.589364
"1190","234-306","CT","55381",45,37.9892,-75.54
"1191","234-305","CT","55381",45,37.9892,-75.54
"1192","234-304","CT","55381",45,37.9892,-75.54
"1193","234-302","CT","55381",45,37.9892,-75.54
"1194","234-303","CT","55381",45,37.9892,-75.54
"1195","234-301","CT","55381",45,37.9892,-75.54
"1196","234-307","CT","55381",45,37.9892,-75.54
"1197","524-302","CT","55391",156,42.9767,-89.0492
"1198","524-303","CT","55391",156,42.9767,-89.0492
"1199","524-301","CT","55391",156,42.9767,-89.0492
"1200","524-313","CT","55392",175,42.4776,-87.895
"1201","524-312","CT","55392",175,42.4776,-87.895
"1202","524-311","CT","55392",175,42.4776,-87.895
"1203","437-804","CC","55397",665,39.58,-81.6564
"1204","449-351","CT","55401",195,39.0839,-82.3328
"1205","449-352","CT","55401",195,39.0839,-82.3328
"1206","449-355","CT","55401",195,39.0839,-82.3328
"1207","449-354","CT","55401",195,39.0839,-82.3328
"1208","449-353","CT","55401",195,39.0839,-82.3328
"1209","445-313","CT","55402",191,43.1864,-84.8429
"1210","445-312","CT","55402",191,43.1864,-84.8429
"1211","445-314","CT","55402",191,43.1864,-84.8429
"1212","445-311","CT","55402",191,43.1864,-84.8429
"1213","740-344","CT","55433",80,30.2825,-92.5997
"1214","740-346","CT","55433",80,30.2825,-92.5997
"1215","740-345","CT","55433",80,30.2825,-92.5997
"1216","504-303","CT","55438",135,42.000061,-88.244572
"1217","504-302","CT","55438",135,42.000061,-88.244572
"1218","504-301","CT","55438",135,42.000061,-88.244572
"1219","504-304","CT","55438",135,42.000061,-88.244572
"1220","342-703","CC","55439",172.8,37.8667,-78.3813
"1221","342-702","CC","55439",167,37.8667,-78.3813
"1222","342-101","CC","55439",400.8,37.8667,-78.3813
"1223","342-701","CC","55439",166.3,37.8667,-78.3813
"1224","446-805","CC","55502",540,39.0911,-84.8669
"1225","2B2-135","CC","55502",257,39.0911,-84.8669
"1226","2B2-705","CC","55502",166.1,39.0911,-84.8669
"1227","2B2-707","CC","55502",166.1,39.0911,-84.8669
"1228","2B2-706","CC","55502",166.1,39.0911,-84.8669
"1229","2B2-134","CC","55502",257,39.0911,-84.8669
"1230","2B2-704","CC","55502",166.1,39.0911,-84.8669
"1231","446-806","CC","55502",540,39.0911,-84.8669
"1232","446-804","CC","55503",810,39.5333,-81.7178
"1233","2B2-701","CC","55503",168,39.5333,-81.7178
"1234","2B2-133","CC","55503",372,39.5333,-81.7178
"1235","2B2-703","CC","55503",168,39.5333,-81.7178
"1236","2B2-702","CC","55503",168,39.5333,-81.7178
"1237","437-801","CC","55516",665,39.8592,-79.9182
"1238","250-782","CC","55524",127,39.7375,-76.306666
"1239","250-781","CC","55524",125,39.7375,-76.306666
"1240","250-783","CC","55524",127,39.7375,-76.306666
"1241","250-181","CC","55524",195,39.7375,-76.306666
"1242","243-401","DS","55604",1,40.9529,-74.0837
"1243","243-403","DS","55604",1,40.9529,-74.0837
"1244","243-402","DS","55604",1,40.9529,-74.0837
"1246","518-306","CT","55640",45,41.4425,-87.7514
"1247","518-304","CT","55640",45,41.4425,-87.7514
"1248","518-310","CT","55640",45,41.4425,-87.7514
"1249","518-311","CT","55640",45,41.4425,-87.7514
"1250","518-307","CT","55640",45,41.4425,-87.7514
"1251","518-302","CT","55640",45,41.4425,-87.7514
"1252","518-309","CT","55640",45,41.4425,-87.7514
"1253","518-301","CT","55640",45,41.4425,-87.7514
"1254","518-308","CT","55640",45,41.4425,-87.7514
"1255","518-303","CT","55640",45,41.4425,-87.7514
"1256","518-312","CT","55640",45,41.4425,-87.7514
"1257","518-305","CT","55640",45,41.4425,-87.7514
"1258","427-320","CT","55654",44,39.866944,-77.685833
"1259","427-319","CT","55654",44,39.866944,-77.685833
"1260","261-401","DS","55654",7,39.866944,-77.685833
"1261","261-402","DS","55654",22.4,39.866944,-77.685833
"1262","212-153","CC","55667",214,40.801924,-75.107563
"1263","212-752","CC","55667",190,40.801924,-75.107563
"1264","212-751","CC","55667",190,40.801924,-75.107563
"1265","250-838","CC","55690",565,40.6175,-75.3147
"1266","250-704","CC","55690",118,40.6175,-75.3147
"1267","250-706","CC","55690",127,40.6175,-75.3147
"1268","250-134","CC","55690",195,40.6175,-75.3147
"1269","250-703","CC","55690",127,40.6175,-75.3147
"1270","250-705","CC","55690",127,40.6175,-75.3147
"1271","250-702","CC","55690",127,40.6175,-75.3147
"1272","250-138","CC","55690",195,40.6175,-75.3147
"1273","250-834","CC","55690",565,40.6175,-75.3147
"1274","250-701","CC","55690",118,40.6175,-75.3147
"1275","441-105","CC","55701",343,41.377116,-83.161388
"1276","441-702","CC","55701",180,41.377116,-83.161388
"1277","441-701","CC","55701",180,41.377116,-83.161388
"1278","387-803","CC","55706",173,33.2881,-89.4201
"1279","387-804","CC","55706",301,33.2881,-89.4201
"1280","387-802","CC","55706",173,33.2881,-89.4201
"1281","387-801","CC","55706",173,33.2881,-89.4201
"1282","427-100","CC","55710",190,40.545278,-79.768611
"1283","427-703","CC","55710",180,40.545278,-79.768611
"1284","427-704","CC","55710",180,40.545278,-79.768611
"1285","437-802","CC","55736",664.1,38.5731,-82.7833
"1286","437-803","CC","55736",665.9,38.5731,-82.7833
"1287","2C3-321","CT","55738",43,37.175278,-81.961388
"1288","2C3-322","CT","55738",43,37.175278,-81.961388
"1289","920-402","DS","55763",3.6,41.7383,-89.3828
"1290","264-365","CT","55765",3,40.8592,-75.2627
"1291","264-366","CT","55765",3,40.8592,-75.2627
"1292","264-364","CT","55765",3,40.8592,-75.2627
"1293","920-401","CT","55773",8,42.321111,-88.031944
"1294","223-101","CC","55801",271,39.807038,-75.421606
"1295","223-701","CC","55801",180.1,39.807038,-75.421606
"1296","223-703","CC","55801",180.1,39.807038,-75.421606
"1297","223-702","CC","55801",180.1,39.807038,-75.421606
"1298","711-101","ST","55856",812.1,38.279167,-89.666944
"1299","711-102","ST","55856",805.1,38.279167,-89.666944
"1300","905-405","DS","55885",0.7,39.1833,-77.1167
"1301","905-404","DS","55885",1.3,39.1833,-77.1167
"1302","535-362","CT","55936",153,42.2383,-89.1011
"1303","247-301","CT","55938",168.4,40.0633,-74.1672
"1304","247-302","CT","55938",167.7,40.0633,-74.1672
"1305","328-809","CC","55939",1350,38.971667,-78.177222
"1306","205-899","ST","55939",10,38.971667,-78.177222
"1307","259-406","DS","55939",1.9,38.971667,-78.177222
"1308","259-405","DS","55939",1.9,38.971667,-78.177222
"1309","237-852","CC","55976",177.1,39.8725,-77.1672
"1310","237-854","CC","55976",315,39.8725,-77.1672
"1311","237-851","CC","55976",165,39.8725,-77.1672
"1312","237-853","CC","55976",177.1,39.8725,-77.1672
"1313","344-306","CT","56292",56.6,34.842311,-79.736087
"1314","344-304","CT","56292",56.6,34.842311,-79.736087
"1315","344-302","CT","56292",56.6,34.842311,-79.736087
"1316","344-305","CT","56292",56.6,34.842311,-79.736087
"1317","344-301","CT","56292",56.6,34.842311,-79.736087
"1318","344-303","CT","56292",56.6,34.842311,-79.736087
"1319","254-301","CT","56294",172,40.637554,-74.221219
"1320","214-401","DS","56318",2,38.5,-77.75
"1321","401-535","HD","56333",40,38.21921,-80.89061
"1322","401-534","HD","56333",40,38.21921,-80.89061
"1323","261-301","CT","56397",44.6,41.2025,-76.068333
"1324","441-404","DS","56420",1.36,39.9333,-83.0667
"1325","441-405","DS","56420",1.36,39.9333,-83.0667
"1326","441-401","DS","56421",1.83,39.9667,-83.1167
"1327","441-402","DS","56422",1.1,39.95,-83.015833
"1328","441-403","DS","56423",1.83,39.975,-83.0917
"1329","274-404","DS","56429",1,38.5992,-75.4342
"1330","274-401","DS","56429",4.1,38.5992,-75.4342
"1331","274-402","DS","56430",3,39.0339,-75.7233
"1332","212-440","DS","56510",3.2,39.9589,-76.4442
"1333","212-445","DS","56512",2,40.3664,-76.4931
"1334","329-401","DS","56531",4.4,37.0719,-76.4272
"1335","214-403","DS","56571",4,39.3908,-76.4042
"1336","214-301","CT","56572",5,40.621582,-75.310236
"1337","472-100","ST","56671",700,39.707893,-79.958974
"1338","266-401","DS","56680",6,38.3847,-75.6344
"1339","345-411","DS","56682",11,36.7639,-77.8108
"1340","345-406","DS","56683",16,37.438889,-77.128611
"1341","345-407","DS","56684",16,37.3517,-77.4969
"1342","345-412","DS","56686",11.8,37.6711,-76.76
"1343","241-400","DS","56687",15,39.8014,-77.7883
"1344","266-402","DS","56690",6,40.5553,-76.3886
"1345","345-403","DS","56692",4,37.7036,-77.6639
"1346","345-410","DS","56693",12,36.7858,-76.2019
"1347","976-403","DS","56780",1.6,42.1589,-89.0625
"1348","976-404","DS","56780",1.6,42.1589,-89.0625
"1349","976-402","DS","56780",1.6,42.1589,-89.0625
"1350","976-401","DS","56780",1.6,42.1589,-89.0625
"1351","328-808","CC","56807",612,37.695556,-78.285278
"1352","328-651","ST","56808",610,36.916389,-82.338055
"1353","2B1-701","CC","56846",219,38.5686,-76.8919
"1354","2B1-101","CC","56846",332,38.5686,-76.8919
"1355","2B1-702","CC","56846",219,38.5686,-76.8919
"1356","463-801","ST","56848",61,38.596657,-82.828642
"1357","441-411","DS","56865",1.36,41.5283,-83.0353
"1358","441-412","DS","56865",1.36,41.5283,-83.0353
"1359","441-413","DS","56865",1.36,41.5283,-83.0353
"1360","441-436","DS","56868",1.3,40.9975,-80.5208
"1361","441-427","DS","56868",1.36,40.9975,-80.5208
"1362","441-425","DS","56868",1.36,40.9975,-80.5208
"1363","441-421","DS","56868",1.36,40.9975,-80.5208
"1364","441-435","DS","56868",1.3,40.9975,-80.5208
"1365","441-429","DS","56868",1.36,40.9975,-80.5208
"1366","441-426","DS","56868",1.36,40.9975,-80.5208
"1367","441-430","DS","56868",1.36,40.9975,-80.5208
"1368","441-424","DS","56868",1.36,40.9975,-80.5208
"1369","441-423","DS","56868",1.36,40.9975,-80.5208
"1370","441-428","DS","56868",1.36,40.9975,-80.5208
"1371","441-432","DS","56868",1.36,40.9975,-80.5208
"1372","441-433","DS","56868",1.36,40.9975,-80.5208
"1373","441-434","DS","56868",1.36,40.9975,-80.5208
"1374","441-422","DS","56868",1.36,40.9975,-80.5208
"1375","441-431","DS","56868",1.36,40.9975,-80.5208
"1376","441-449","DS","56869",1.6,41.3006,-82.1803
"1377","441-447","DS","56869",1.6,41.3006,-82.1803
"1378","441-446","DS","56869",1.6,41.3006,-82.1803
"1379","441-448","DS","56869",1.6,41.3006,-82.1803
"1380","441-450","DS","56869",1.6,41.3006,-82.1803
"1381","441-444","DS","56869",1.6,41.3006,-82.1803
"1382","441-442","DS","56869",1.6,41.3006,-82.1803
"1383","441-441","DS","56869",1.6,41.3006,-82.1803
"1384","441-445","DS","56869",1.6,41.3006,-82.1803
"1385","441-443","DS","56869",1.6,41.3006,-82.1803
"1386","441-507","HD","56872",37.3,38.791431,-84.172982
"1387","441-508","HD","56872",37.4,38.791431,-84.172982
"1388","441-506","HD","56872",37.3,38.791431,-84.172982
"1389","212-450","DS","56884",4,39.4494,-75.0928
"1390","212-454","DS","56887",5.6,40.1356,-77.5072
"1391","212-452","DS","56890",1,41.7792,-76.6258
"1392","274-403","DS","56894",2,38.384167,-77.413056
"1393","216-302","CT","56911",10.5,40.669608,-76.380716
"1394","278-401","DS","56957",6.6,40.275,-75.8167
"1395","298-101","CC","56963",273.4,39.8414,-75.2214
"1396","298-702","CC","56963",225,39.8414,-75.2214
"1397","298-701","CC","56963",225,39.8414,-75.2214
"1398","264-401","DS","57014",4.4,40.2058,-80.2611
"1399","215-480","DS","57018",6,37.5681,-76.6233
"1400","215-390","CT","57022",10,38.2747,-77.3081
"1401","304-341","CT","57029",210,35.170547,-81.416648
"1402","212-446","DS","57183",3.2,40.667778,-75.232222
"1403","441-406","DS","57249",2,41.3361,-82.5856
"1404","250-715","CC","57349",191,39.187195,-75.499396
"1405","250-120","CC","57349",129,39.187195,-75.499396
"1406","345-413","DS","57356",4,37.675,-77.5744
"1407","441-509","HD","57401",21.6,39.35776,-81.31795
"1408","441-510","HD","57401",21.6,39.35776,-81.31795
"1409","441-471","DS","57410",0.8,41.795,-80.91
"1410","538-403","DS","57410",6,41.795,-80.91
"1411","441-474","DS","57410",0.8,41.795,-80.91
"1412","441-473","DS","57410",0.8,41.795,-80.91
"1413","441-472","DS","57410",0.8,41.795,-80.91
"1414","441-470","DS","57410",0.8,41.795,-80.91
"1415","538-405","DS","57410",6,41.795,-80.91
"1416","538-404","DS","57410",6,41.795,-80.91
"1417","538-402","DS","57410",6,41.795,-80.91
"1418","538-401","DS","57410",6,41.795,-80.91
"1419","441-462","DS","57411",0.8,40.914444,-80.586111
"1420","441-463","DS","57411",0.8,40.914444,-80.586111
"1421","441-461","DS","57411",0.8,40.914444,-80.586111
"1422","441-460","DS","57411",0.8,40.914444,-80.586111
"1423","441-464","DS","57411",0.8,40.914444,-80.586111
"1424","531-401","DS","57433",4.5,40.410751,-83.71788
"1425","259-414","DS","57786",2,39.367778,-77.348888
"1426","463-802","ST","57822",47,39.472222,-84.401389
"1427","2A4-300","CC","57839",232,40.515,-74.318889
"1428","2A4-301","CC","57839",232,40.515,-74.318889
"1429","2A4-100","CC","57839",319,40.515,-74.318889
"1430","259-413","DS","57843",1.9,39.588889,-75.376389
"1431","259-404","DS","57845",1.9,39.4175,-74.542222
"1432","259-412","DS","57845",1.8,39.4175,-74.542222
"1433","259-403","DS","57845",1.5,39.4175,-74.542222
"1434","259-415","DS","57846",2,41.091667,-74.682777
"1435","259-410","DS","57847",1.4,40.074167,-74.665556
"1436","259-411","DS","57847",1.4,40.074167,-74.665556
"1437","259-408","DS","57847",1.4,40.074167,-74.665556
"1438","259-407","DS","57847",1.4,40.074167,-74.665556
"1439","259-409","DS","57847",1.4,40.074167,-74.665556
"1440","259-417","DS","57847",6,40.074167,-74.665556
"1441","311-404","DS","57897",1.6,37.505833,-77.373889
"1442","311-403","DS","57897",1.6,37.505833,-77.373889
"1443","311-401","DS","57897",1.6,37.505833,-77.373889
"1444","311-402","DS","57897",1.6,37.505833,-77.373889
"1445","279-650","ST","58023",25,40.325556,-75.922778
"1446","2A3-301","CC","58079",230,40.707222,-74.125833
"1447","2A3-100","CC","58079",245,40.707222,-74.125833
"1448","2A3-300","CC","58079",230,40.707222,-74.125833
"1450","215-450","DS","58208",9.6,40.465278,-74.393889
"1451","209-392","CT","58235",61,39.424444,-75.02
"1452","905-407","DS","58246",1.6,39.084722,-76.676389
"1453","905-406","DS","58246",1.6,39.084722,-76.676389
"1454","328-810","CC","58260",1376,36.765,-77.713889
"1455","2A7-800","CC","58420",425,41.7675,-76.39
"1456","2A7-801","CC","58420",425,41.7675,-76.39
"1457","2A9-801","CC","58426",420,41.180833,-76.839167
"1458","2A9-802","CC","58426",420,41.180833,-76.839167
"1460","393-101","ST","58560",47.4,36.701389,-78.873333
"1461","918-501","HD","58685",2.2,40.921111,-79.281667
"1462","918-502","HD","58685",4.6,40.921111,-79.281667
"1463","925-401","DS","58813",19.9,41.663056,-76.805556
"1464","925-400","DS","58818",19.9,41.894444,-76.582778
"1465","4A3-301","CC","59004",226,39.058056,-77.545
"1466","4A3-100","CC","59004",314,39.058056,-77.545
"1467","4A3-300","CC","59004",226,39.058056,-77.545
"1468","250-355","CT","591",25,39.7302,-75.5371
"1469","250-356","CT","591",25,39.7302,-75.5371
"1470","201-492","DS","59116",1,39.231111,-74.780833
"1471","201-491","DS","59116",1,39.231111,-74.780833
"1472","201-493","DS","59116",1,39.231111,-74.780833
"1473","251-123","ST","592",72,39.600408,-75.626811
"1474","251-326","CT","592",60,39.600408,-75.626811
"1475","250-323","CT","592",18,39.600408,-75.626811
"1476","251-327","CT","592",90,39.600408,-75.626811
"1477","251-821","ST","592",57,39.600408,-75.626811
"1478","250-113","ST","593",86,39.73886,-75.50384
"1479","250-310","CT","593",15,39.73886,-75.50384
"1480","250-115","ST","593",450,39.73886,-75.50384
"1481","250-114","ST","593",174,39.73886,-75.50384
"1482","304-344","CT","59325",195,35.2025,-81.363056
"1483","242-330","CT","594",21,38.5857,-75.2341
"1484","242-134","ST","594",425.1,38.5857,-75.2341
"1485","242-132","ST","594",91,38.5857,-75.2341
"1486","242-131","ST","594",91,38.5857,-75.2341
"1487","242-133","ST","594",168.1,38.5857,-75.2341
"1488","982-403","DS","59574",1.6,41.808611,-86.323889
"1489","982-401","DS","59574",1.6,41.808611,-86.323889
"1490","982-402","DS","59574",1.6,41.808611,-86.323889
"1491","204-361","CT","596",12,39.568,-75.6006
"1492","250-372","CT","597",19,39.7283,-75.6289
"1493","211-410","DS","59759",5.7,40.00665,-79.041035
"1494","2B4-312","CC","59764",248.3,41.667928,-83.443664
"1495","2B4-110","CC","59764",323.5,41.667928,-83.443664
"1496","2B4-311","CC","59764",247.2,41.667928,-83.443664
"1497","2B8-800","CC","59773",736,40.60441,-81.05918
"1498","987-401","DS","59792",1.6,42.1424,-89.079
"1499","987-402","DS","59792",1.6,42.1424,-89.079
"1500","345-414","DS","59845",6,37.183,-80.699
"1501","203-183","ST","599",102,39.176222,-75.546628
"1502","203-181","ST","599",17,39.176222,-75.546628
"1503","203-182","ST","599",17,39.176222,-75.546628
"1504","411-201","NU","6000",1083.1,41.975604,-86.565206
"1505","411-202","NU","6000",1183.1,41.975604,-86.565206
"1506","427-119","ST","6004",645.1,39.366667,-81.294444
"1507","427-120","ST","6004",640.1,39.366667,-81.294444
"1508","499-500","HD","6006",24,38.9153,-81.9081
"1509","499-501","HD","6006",24,38.9153,-81.9081
"1510","202-201","NU","6011",900,38.4344,-76.4417
"1511","202-202","NU","6011",880,38.4344,-76.4417
"1512","503-104","ST","6016",433,40.4663,-89.9841
"1513","504-160","ST","6017",612.1,38.9361,-88.2781
"1514","504-150","ST","6017",610.1,38.9361,-88.2781
"1515","430-162","ST","6018",600,38.9036,-84.8514
"1516","400-171","ST","6019",1321.1,38.8675,-84.2289
"1517","290-152","ST","602",648.1,39.18,-76.5389
"1518","290-151","ST","602",665.1,39.18,-76.5389
"1519","404-210","NU","6020",1330,41.8006,-81.1439
"1520","506-202","NU","6022",1205.1,41.2435,-88.2286
"1521","506-201","NU","6022",1227,41.2435,-88.2286
"1522","506-204","NU","6023",1190.1,42.0742,-89.2819
"1523","506-203","NU","6023",1221.1,42.0742,-89.2819
"1524","510-101","ST","6025",554,41.346111,-88.392777
"1525","510-102","ST","6025",554,41.346111,-88.392777
"1526","510-103","ST","6025",530,41.346111,-88.392777
"1527","510-105","ST","6025",530,41.346111,-88.392777
"1528","510-104","ST","6025",530,41.346111,-88.392777
"1529","506-209","NU","6026",1164,41.245498,-88.669066
"1530","506-208","NU","6026",1150.6,41.245498,-88.669066
"1531","214-116","ST","603",275,38.8961,-76.9664
"1532","214-115","ST","603",275,38.8961,-76.9664
"1533","407-340","CT","6031",18,38.6903,-83.4803
"1534","407-132","ST","6031",600,38.6903,-83.4803
"1535","307-221","NU","6036",1163,35.0514,-81.0694
"1536","214-324","CT","604",20,38.8834,-77.0147
"1537","214-323","CT","604",20,38.8834,-77.0147
"1538","214-388","CT","604",20,38.8834,-77.0147
"1539","214-328","CT","604",20,38.8834,-77.0147
"1540","214-322","CT","604",20,38.8834,-77.0147
"1541","214-327","CT","604",20,38.8834,-77.0147
"1542","214-326","CT","604",20,38.8834,-77.0147
"1543","214-386","CT","604",20,38.8834,-77.0147
"1544","214-325","CT","604",20,38.8834,-77.0147
"1545","214-387","CT","604",20,38.8834,-77.0147
"1546","214-382","CT","604",20,38.8834,-77.0147
"1547","214-383","CT","604",20,38.8834,-77.0147
"1548","214-381","CT","604",20,38.8834,-77.0147
"1549","214-321","CT","604",20,38.8834,-77.0147
"1550","214-384","CT","604",20,38.8834,-77.0147
"1551","214-385","CT","604",20,38.8834,-77.0147
"1552","422-201","NU","6040",970,40.6219,-80.4336
"1553","422-202","NU","6040",970,40.6219,-80.4336
"1554","410-123","ST","6041",268,38.7,-83.8181
"1555","410-121","ST","6041",305.1,38.7,-83.8181
"1556","410-122","ST","6041",510,38.7,-83.8181
"1557","410-124","ST","6041",268,38.7,-83.8181
"1558","740-102","ST","6055",575,30.7261,-91.3692
"1559","740-101","ST","6055",580,30.7261,-91.3692
"1560","740-103","ST","6055",588,30.7261,-91.3692
"1561","416-192","ST","6071",785,38.5847,-85.4117
"1562","416-191","ST","6071",515,38.5847,-85.4117
"1563","422-143","ST","6094",910,40.6348,-80.4159
"1564","422-142","ST","6094",910,40.6348,-80.4159
"1565","422-141","ST","6094",910,40.6348,-80.4159
"1566","212-202","NU","6103",1255.1,41.0919,-76.1462
"1567","212-201","NU","6103",1260.1,41.0919,-76.1462
"1568","213-204","NU","6105",1194.1,40.224303,-75.58744
"1569","213-203","NU","6105",1182,40.224303,-75.58744
"1570","430-145","ST","6113",625,38.372222,-87.765833
"1571","441-480","DS","61145",4.8,38.895,-83.903
"1572","215-211","NU","6118",1172,39.4666,-75.5377
"1573","426-201","NU","6149",950,41.5967,-83.0861
"1574","411-122","ST","6166",1300,37.9256,-87.0372
"1575","411-121","ST","6166",1315,37.9256,-87.0372
"1576","328-511","HD","6167",502.3,38.20889,-79.8
"1577","427-511","HD","6167",160,38.20889,-79.8
"1578","427-514","HD","6167",160,38.20889,-79.8
"1579","328-514","HD","6167",504,38.20889,-79.8
"1580","328-513","HD","6167",503.2,38.20889,-79.8
"1581","427-513","HD","6167",160,38.20889,-79.8
"1582","328-510","HD","6167",502.2,38.20889,-79.8
"1583","328-509","HD","6167",502.1,38.20889,-79.8
"1584","427-515","HD","6167",160,38.20889,-79.8
"1585","427-512","HD","6167",160,38.20889,-79.8
"1586","328-512","HD","6167",501.3,38.20889,-79.8
"1587","427-516","HD","6167",160,38.20889,-79.8
"1588","328-201","NU","6168",948,38.06,-77.7897
"1589","328-202","NU","6168",976.1,38.06,-77.7897
"1590","341-527","HD","6171",70,36.9614,-84.27
"1591","401-141","ST","6264",1315.1,38.9794,-81.9344
"1592","344-406","DS","6377",3,35.109444,-75.979722
"1593","341-514","HD","6417",45,36.0972,-85.8274
"1594","341-516","HD","6417",45,36.0972,-85.8274
"1595","341-515","HD","6417",45,36.0972,-85.8274
"1596","341-519","HD","6418",12,36.3208,-87.2219
"1597","341-518","HD","6418",12,36.3208,-87.2219
"1598","341-517","HD","6418",12,36.3208,-87.2219
"1599","205-563","HD","6522",140,41.0006,-75.0314
"1600","205-564","HD","6522",400,41.0006,-75.0314
"1601","205-561","HD","6522",140,41.0006,-75.0314
"1602","205-562","HD","6522",140,41.0006,-75.0314
"1603","401-513","HD","6560",5,38.1944,-81.3706
"1604","401-514","HD","6560",5,38.1944,-81.3706
"1605","401-515","HD","6560",4.8,38.1944,-81.3706
"1606","401-518","HD","6561",4.8,38.2526,-81.5695
"1607","401-516","HD","6561",5,38.2526,-81.5695
"1608","401-517","HD","6561",5,38.2526,-81.5695
"1609","401-533","HD","6562",5,38.5274,-81.91392
"1610","401-532","HD","6562",5,38.5274,-81.91392
"1611","401-531","HD","6562",5,38.5274,-81.91392
"1612","297-502","HD","6636",13,39.720278,-79.856111
"1613","297-501","HD","6636",13,39.720278,-79.856111
"1614","297-500","HD","6636",13,39.720278,-79.856111
"1615","297-503","HD","6636",13,39.720278,-79.856111
"1616","209-390","CT","6776",32,39.4912,-75.0486
"1617","328-328","CT","7032",92,37.1575,-76.6911
"1618","328-329","CT","7032",92,37.1575,-76.6911
"1619","328-330","CT","7032",92,37.1575,-76.6911
"1620","328-327","CT","7032",28,37.1575,-76.6911
"1621","328-326","CT","7032",17,37.1575,-76.6911
"1622","328-331","CT","7032",92,37.1575,-76.6911
"1623","211-896","HD","7128",21,40.432915,-78.002887
"1624","207-371","CT","7138",44,39.8154,-74.2098
"1625","207-372","CT","7138",42,39.8154,-74.2098
"1626","250-725","CC","7153",126,39.7436,-75.5072
"1627","250-118","CC","7153",187,39.7436,-75.5072
"1628","250-723","CC","7153",126,39.7436,-75.5072
"1629","250-721","CC","7153",126,39.7436,-75.5072
"1630","250-818","CC","7153",565,39.7436,-75.5072
"1631","250-722","CC","7153",126,39.7436,-75.5072
"1632","250-814","CC","7153",545,39.7436,-75.5072
"1633","250-726","CC","7153",126,39.7436,-75.5072
"1634","250-724","CC","7153",126,39.7436,-75.5072
"1635","250-116","CC","7153",187,39.7436,-75.5072
"1636","430-303","CT","7158",94,39.4492,-84.4611
"1637","430-304","CT","7158",94,39.4492,-84.4611
"1638","430-306","CT","7158",94,39.4492,-84.4611
"1639","430-302","CT","7158",94,39.4492,-84.4611
"1640","430-301","CT","7158",94,39.4492,-84.4611
"1641","430-305","CT","7158",94,39.4492,-84.4611
"1642","328-335","CT","7212",92,37.498223,-77.368544
"1643","328-333","CT","7212",92,37.498223,-77.368544
"1644","328-332","CT","7212",92,37.498223,-77.368544
"1645","328-334","CT","7212",92,37.498223,-77.368544
"1646","328-125","ST","7213",441,36.869,-78.704
"1647","328-124","ST","7213",441,36.869,-78.704
"1648","529-308","CT","7277",77,35.4317,-81.0347
"1649","529-307","CT","7277",77,35.4317,-81.0347
"1650","529-314","CT","7277",77,35.4317,-81.0347
"1651","529-313","CT","7277",77,35.4317,-81.0347
"1652","529-309","CT","7277",77,35.4317,-81.0347
"1653","529-310","CT","7277",77,35.4317,-81.0347
"1654","529-311","CT","7277",77,35.4317,-81.0347
"1655","529-312","CT","7277",77,35.4317,-81.0347
"1656","441-104","ST","7286",51,39.3664,-81.5211
"1657","441-101","ST","7286",51,39.3664,-81.5211
"1658","441-103","ST","7286",50.7,39.3664,-81.5211
"1659","441-102","ST","7286",50.7,39.3664,-81.5211
"1660","250-380","CT","7288",96,39.451,-75.0578
"1661","203-301","CT","7318",45,39.145036,-75.548172
"1662","442-305","CT","7335",38,39.839572,-84.965682
"1663","442-304","CT","7335",38,39.839572,-84.965682
"1664","442-302","CT","7336",38,40.0529,-85.7389
"1665","442-303","CT","7336",84,40.0529,-85.7389
"1666","442-301","CT","7336",38,40.0529,-85.7389
"1667","328-650","ST","7537",77,39.2633,-79.3308
"1668","441-501","HD","7594",22.5,39.1192,-81.7375
"1669","441-502","HD","7594",22.5,39.1192,-81.7375
"1670","213-361","CT","7690",3,40.153128,-74.769146
"1671","213-362","CT","7690",3,40.153128,-74.769146
"1672","213-137","ST","7701",30,40.1405,-74.7506
"1673","213-136","ST","7701",30,40.1405,-74.7506
"1674","556-342","CT","7760",45,40.106125,-87.653818
"1675","556-341","CT","7760",45,40.106125,-87.653818
"1676","556-344","CT","7760",45,40.106125,-87.653818
"1677","556-343","CT","7760",45,40.106125,-87.653818
"1678","430-322","CT","7763",43,39.9528,-85.5039
"1679","430-321","CT","7763",43,39.9528,-85.5039
"1680","430-323","CT","7763",43,39.9528,-85.5039
"1681","530-408","DS","7770",2,41.9084,-89.0466
"1682","530-301","CT","7770",3,41.9084,-89.0466
"1683","530-407","DS","7770",2,41.9084,-89.0466
"1684","440-372","CT","7791",59,41.5855,-84.5794
"1685","440-370","CT","7791",59,41.5855,-84.5794
"1686","440-373","CT","7791",59,41.5855,-84.5794
"1687","440-371","CT","7791",59,41.5855,-84.5794
"1688","348-101","CC","7826",182,35.7314,-80.6019
"1689","348-704","CC","7826",160,35.7314,-80.6019
"1690","348-705","CC","7826",160,35.7314,-80.6019
"1691","304-322","CT","7826",178,35.7314,-80.6019
"1692","304-321","CT","7826",199,35.7314,-80.6019
"1693","304-831","CC","7826",594,35.7314,-80.6019
"1694","248-301","CT","7835",164,39.71901,-76.15976
"1695","247-304","CT","7835",166.4,39.71901,-76.15976
"1696","247-303","CT","7835",163.6,39.71901,-76.15976
"1697","248-302","CT","7835",163,39.71901,-76.15976
"1698","311-307","CT","7836",159.3,38.5283,-77.7681
"1699","311-308","CT","7836",161,38.5283,-77.7681
"1700","311-306","CT","7836",161,38.5283,-77.7681
"1701","311-305","CT","7837",158,38.1181,-78.2139
"1702","311-302","CT","7837",77,38.1181,-78.2139
"1703","311-303","CT","7837",77.3,38.1181,-78.2139
"1704","311-304","CT","7837",77.2,38.1181,-78.2139
"1705","311-301","CT","7837",76.5,38.1181,-78.2139
"1706","328-338","CT","7838",178,38.5442,-77.7714
"1707","328-337","CT","7838",178,38.5442,-77.7714
"1708","328-336","CT","7838",178,38.5442,-77.7714
"1709","328-339","CT","7838",178,38.5442,-77.7714
"1710","328-341","CT","7839",178,38.0722,-77.5133
"1711","328-340","CT","7839",178,38.0722,-77.5133
"1712","328-345","CT","7839",159.8,38.0722,-77.5133
"1713","328-346","CT","7839",160,38.0722,-77.5133
"1714","328-347","CT","7839",160.6,38.0722,-77.5133
"1715","499-301","CT","7872",175.1,40.9297,-84.7392
"1716","499-303","CT","7872",175.1,40.9297,-84.7392
"1717","499-302","CT","7872",170,40.9297,-84.7392
"1718","345-405","DS","7940",16,37.3381,-77.9644
"1719","245-302","CT","7962",51,39.279179,-75.623928
"1720","245-301","CT","7962",50,39.279179,-75.623928
"1721","426-324","CT","7972",90,42.167,-83.5318
"1722","426-323","CT","7972",90,42.167,-83.5318
"1723","426-322","CT","7972",90,42.167,-83.5318
"1724","426-321","CT","7972",90,42.167,-83.5318
"1725","250-360","CT","8008",79,39.8119,-75.249031
"1726","232-231","NU","8011",810,40.1515,-76.7232
"1727","213-320","CT","8012",65,40.08,-74.8917
"1728","213-322","CT","8012",60,40.08,-74.8917
"1729","213-325","CT","8012",60,40.08,-74.8917
"1730","213-321","CT","8012",65,40.08,-74.8917
"1731","213-323","CT","8012",65,40.08,-74.8917
"1732","213-324","CT","8012",65,40.08,-74.8917
"1733","213-326","CT","8012",65,40.08,-74.8917
"1734","213-327","CT","8012",59,40.08,-74.8917
"1735","504-305","CT","8023",43,43.4864,-89.4203
"1736","504-306","CT","8023",43,43.4864,-89.4203
"1737","2B2-111","ST","8102",1330.1,38.9347,-82.1158
"1738","2B2-112","ST","8102",1350,38.9347,-82.1158
"1739","297-571","HD","8225",234,41.8389,-79.0056
"1740","297-573","HD","8225",30,41.8389,-79.0056
"1741","297-572","HD","8225",218,41.8389,-79.0056
"1742","431-116","ST","8226",588,40.5383,-79.7906
"1743","236-333","CT","8227",26,40.6815,-74.9207
"1744","236-338","CT","8227",26,40.6815,-74.9207
"1745","236-336","CT","8227",26,40.6815,-74.9207
"1746","236-334","CT","8227",26,40.6815,-74.9207
"1747","236-337","CT","8227",26,40.6815,-74.9207
"1748","236-335","CT","8227",26,40.6815,-74.9207
"1749","236-332","CT","8227",26,40.6815,-74.9207
"1750","236-331","CT","8227",26,40.6815,-74.9207
"1751","503-103","ST","856",364,40.5958,-89.6631
"1752","503-101","ST","856",117,40.5958,-89.6631
"1753","503-102","ST","856",273,40.5958,-89.6631
"1754","503-301","CT","860",15,40.625278,-89.631111
"1755","503-302","CT","860",15,40.625278,-89.631111
"1756","504-100","ST","861",340,39.0586,-89.4031
"1757","504-110","ST","861",584.1,39.0586,-89.4031
"1758","504-810","CC","862",250,37.6577,-89.511161
"1759","504-800","CC","862",266,37.6577,-89.511161
"1760","504-115","ST","863",78,39.1339,-87.6597
"1761","504-116","ST","863",78,39.1339,-87.6597
"1762","504-120","ST","864",406,39.8225,-90.5681
"1763","504-119","ST","864",124,39.8225,-90.5681
"1764","504-130","ST","864",372,39.8225,-90.5681
"1765","504-118","ST","864",124,39.8225,-90.5681
"1766","510-315","CT","865",32,42.057222,-87.869444
"1767","510-314","CT","865",30,42.057222,-87.869444
"1768","510-310","CT","866",47,41.713611,-87.542778
"1769","510-309","CT","866",63,41.713611,-87.542778
"1770","510-311","CT","866",63,41.713611,-87.542778
"1771","510-106","ST","867",216,41.82848,-87.72291
"1772","510-107","ST","867",326,41.82848,-87.72291
"1773","510-300","CT","867",58,41.82848,-87.72291
"1774","510-302","CT","867",56,41.82848,-87.72291
"1775","510-301","CT","867",57,41.82848,-87.72291
"1776","506-207","NU","869",899.1,41.39,-88.27
"1777","506-206","NU","869",902,41.39,-88.27
"1778","510-317","CT","870",63,41.8333,-88.0833
"1779","510-318","CT","870",63,41.8333,-88.0833
"1780","510-316","CT","870",62,41.8333,-88.0833
"1781","510-312","CT","874",58,41.4931,-88.1153
"1782","510-109","ST","874",290,41.4931,-88.1153
"1783","510-313","CT","874",56,41.4931,-88.1153
"1784","528-112","ST","876",554,39.590556,-89.496389
"1785","528-113","ST","876",570.1,39.590556,-89.496389
"1786","510-323","CT","877",34,41.89,-88.061667
"1787","510-324","CT","877",34,41.89,-88.061667
"1788","510-815","ST","879",769,40.5408,-89.6786
"1789","510-814","ST","879",769,40.5408,-89.6786
"1790","506-210","NU","880",908,41.726111,-90.310278
"1791","506-211","NU","880",911,41.726111,-90.310278
"1792","510-319","CT","882",32,42.216944,-89.052222
"1793","510-322","CT","882",17,42.216944,-89.052222
"1794","510-321","CT","882",34,42.216944,-89.052222
"1795","510-320","CT","882",32,42.216944,-89.052222
"1796","510-118","ST","883",328,42.3833,-87.8133
"1797","510-308","CT","883",55,42.3833,-87.8133
"1798","510-124","ST","883",100,42.3833,-87.8133
"1799","510-307","CT","883",53,42.3833,-87.8133
"1800","510-119","ST","883",361,42.3833,-87.8133
"1801","510-123","ST","884",515.1,41.6334,-88.0629
"1802","510-120","ST","884",151,41.6334,-88.0629
"1803","510-122","ST","884",260.1,41.6334,-88.0629
"1804","510-121","ST","884",154.1,41.6334,-88.0629
"1805","510-306","CT","886",50,41.8508,-87.6533
"1806","510-305","CT","886",49.1,41.8508,-87.6533
"1807","510-108","ST","886",326,41.8508,-87.6533
"1808","510-304","CT","886",55,41.8508,-87.6533
"1809","510-303","CT","886",55,41.8508,-87.6533
"1810","507-106","ST","887",167,37.2094,-88.858889
"1811","507-105","ST","887",167,37.2094,-88.858889
"1812","507-103","ST","887",167,37.2094,-88.858889
"1813","507-102","ST","887",167,37.2094,-88.858889
"1814","507-104","ST","887",173,37.2094,-88.858889
"1815","507-101","ST","887",167,37.2094,-88.858889
"1816","508-815","ST","891",238,40.2797,-90.08
"1817","508-114","ST","891",448,40.2797,-90.08
"1818","508-142","ST","892",226,41.3028,-89.315
"1819","508-141","ST","892",76,41.3028,-89.315
"1820","530-402","DS","960",2,41.9093,-89.0498
"1821","530-404","DS","960",3,41.9093,-89.0498
"1822","530-401","DS","960",2,41.9093,-89.0498
"1823","530-403","DS","960",2,41.9093,-89.0498
"1824","530-406","DS","960",2,41.9093,-89.0498
"1825","530-405","DS","960",3,41.9093,-89.0498
"1826","528-117","ST","981",318,41.7078,-87.5186
"1827","528-116","ST","981",197,41.7078,-87.5186
"1828","412-106","ST","983",205,38.7378,-85.4206
"1829","412-104","ST","983",205,38.7378,-85.4206
"1830","412-103","ST","983",205,38.7378,-85.4206
"1831","412-105","ST","983",205,38.7378,-85.4206
"1832","412-101","ST","983",205,38.7378,-85.4206
"1833","412-102","ST","983",205,38.7378,-85.4206
"1834","411-528","HD","986",1,41.6928,-85.965
"1835","411-527","HD","986",1,41.6928,-85.965
"1836","411-526","HD","986",1.4,41.6928,-85.965
"1837","411-112","ST","988",145.1,39.0814,-84.8594
"1838","411-111","ST","988",145,39.0814,-84.8594
"1839","411-113","ST","988",203.1,39.0814,-84.8594
"1840","411-114","ST","988",500,39.0814,-84.8594
"1841","411-537","HD","989",1,41.665,-86.1322
"1842","411-534","HD","989",1,41.665,-86.1322
"1843","411-536","HD","989",1,41.665,-86.1322
"1844","411-533","HD","989",1,41.665,-86.1322
"1845","411-540","HD","989",1,41.665,-86.1322
"1846","411-538","HD","989",1,41.665,-86.1322
"1847","411-539","HD","989",1,41.665,-86.1322
"1848","411-535","HD","989",1,41.665,-86.1322
